split,label
train,train/labels/100_jpg.rf.zSQGHSLFn0ljedpjS8GG.txt
train,train/labels/101_jpg.rf.U0MF9soZp2ecMIxa6cxe.txt
train,train/labels/10463_png.rf.EJbCVCfXGUi6xrD4iA0k.txt
train,train/labels/105-jpg_jpg.rf.DXZEyts5tbVyUesVIbqX.txt
train,train/labels/105_jpg.rf.O13XVmSt5vHhrkqlC1ko.txt
train,train/labels/10727_png.rf.l9an5LilqOtC5GxZWles.txt
train,train/labels/10819_png.rf.VGt1GrmV2bRhIGk72iYQ.txt
train,train/labels/10862_png.rf.UXcUTDUsCPdOYCpE7wzV.txt
train,train/labels/109_jpg.rf.ZhTHsbF2n2U0gw1rZOhD.txt
train,train/labels/10_jpg.rf.IizlsKwhvHcVo2tRo977.txt
train,train/labels/110-jpg_jpg.rf.7HpC81StftFrRtwjniLt.txt
train,train/labels/11173_png.rf.ReCR5T3sT0kBNGWm74FN.txt
train,train/labels/111_jpg.rf.7FuGvpk8Ic96pvpzZ0OK.txt
train,train/labels/1124_png.rf.gMPAYszx8Wi2ZawmiG0a.txt
train,train/labels/1131_png.rf.8cQyZJKmRtyBAL0MJt98.txt
train,train/labels/113_jpg.rf.heW9U01060sNaiVMuZwJ.txt
train,train/labels/114-jpg_jpg.rf.rXCt2JOGcuWaSSsfFz0D.txt
train,train/labels/117-jpg_jpg.rf.A2b5GsIR0HnE2EA67eWA.txt
train,train/labels/11753_png.rf.yqxUzfCMmQf5Txbq0s06.txt
train,train/labels/11780_png.rf.wMGQ7RBJ2MmfDT7hWC0h.txt
train,train/labels/11882_png.rf.rbOy1ih9TSUx9zu4h5Wy.txt
train,train/labels/121_jpg.rf.Pdv58nZTtCHM0hE9ZFwp.txt
train,train/labels/122-jpg_jpg.rf.jbl36zufUkZTyUOhF8Ua.txt
train,train/labels/12346_png.rf.lkvNYJjmfMDskAKfTXgn.txt
train,train/labels/12428_png.rf.JrIquiTGhayVARqTcLfJ.txt
train,train/labels/125-jpg_jpg.rf.j8VCnK1V5c3CfCtE5vpk.txt
train,train/labels/127-jpg_jpg.rf.HyLqsWqUe6MqyNUjKsZr.txt
train,train/labels/12728_png.rf.RTGNFr92v8uV7zgtMkxU.txt
train,train/labels/12969_png.rf.lyKoetyYE6WYZvRU5h7b.txt
train,train/labels/130-jpg_jpg.rf.KCXZeZfwpR4Bi3AMJ55M.txt
train,train/labels/13028_png.rf.oG2KFWTOMN5U2KXCW6xn.txt
train,train/labels/13164_png.rf.UHCdWXLgoTedjLngyfSP.txt
train,train/labels/13210_png.rf.72ZUirRO23HkWSTJfoni.txt
train,train/labels/13292_png.rf.8lnLj2jkFFlqUpzlxeX1.txt
train,train/labels/1340_png.rf.9GFZG1jjshTDs32dvQqd.txt
train,train/labels/135-jpg_jpg.rf.LH7XuaZwSupetVZBtj9X.txt
train,train/labels/1359_png.rf.DGjpsnTsRW7gVjLQs6bs.txt
train,train/labels/13682_png.rf.OE4xMtgRAMikJFDW2F3p.txt
train,train/labels/13805_png.rf.5dlG9tFO7w1QJ0xBcj2D.txt
train,train/labels/13887_png.rf.GsUCziPSWRXeE7RBtkgm.txt
train,train/labels/13995_png.rf.yzcLUYyaKPGxiqSrIIpt.txt
train,train/labels/139_jpg.rf.wGsW0trZDWLbGUNtF7z3.txt
train,train/labels/141-jpg_jpg.rf.ki079evYBZFoX2Sw1iBr.txt
train,train/labels/14237_png.rf.Zn18I0OeIs2TY5aTgBYv.txt
train,train/labels/14282_png.rf.8E36oRNs7hpfyQDzVwaD.txt
train,train/labels/14446_png.rf.0k0tg3iAycnAouqD0WBW.txt
train,train/labels/145-jpg_jpg.rf.TrlzwfxSFPkIbRMhiZXf.txt
train,train/labels/1467_png.rf.e4RG1O76w77CnSOEiPm7.txt
train,train/labels/148-jpg_jpg.rf.SPeITim8IFZzFLl18D6E.txt
train,train/labels/14828_png.rf.xrf0VUZJ32V5XLqAsm9l.txt
train,train/labels/14831_png.rf.8h0BOwvrB8MXzcacQ4JA.txt
train,train/labels/149-jpg_jpg.rf.e77Zjri8SKjNKiyqmTIE.txt
train,train/labels/14967_png.rf.1wsC9ENDbvcLQ4Eq0mgt.txt
train,train/labels/150248236_255427149365153_6370234918109321290_n_jpg.rf.eKWr4kXDCpr61miAzP1H.txt
train,train/labels/150592769_486528569404587_4110824491527555866_n_jpg.rf.KmNzZOKQwkC7CWgc357H.txt
train,train/labels/15128_png.rf.l4rppo5ostHRNnCrMhks.txt
train,train/labels/152-jpg_jpg.rf.psW3DIzFqH57907KEKXk.txt
train,train/labels/15371_png.rf.A5CqpvCdasFxaFdnBosJ.txt
train,train/labels/15400_png.rf.Ah2KgT8zq3tkZmy1V3on.txt
train,train/labels/15564_png.rf.r1H7XLLI9fu3IbxnfW7w.txt
train,train/labels/156-jpg_jpg.rf.QFxZkzkxQjookPlAmCXA.txt
train,train/labels/1575_png.rf.mnB1PIRFyzXKBPzZ4VGV.txt
train,train/labels/15858_png.rf.XNorK6KiJYABssGRdV9x.txt
train,train/labels/15864_png.rf.FyCjdHqufALcUaeWkJr2.txt
train,train/labels/15911_png.rf.cdjzAf5ok5GPpBMnleWU.txt
train,train/labels/15966_png.rf.QzIocmaAKV0uC6b0wAMp.txt
train,train/labels/16164_png.rf.ojlwLcjbXI36D6Xj33q9.txt
train,train/labels/162-jpg_jpg.rf.AoUz4eNERCijoZR3pFp4.txt
train,train/labels/163-jpg_jpg.rf.mkuPXH8TLCPMsVf6xJnM.txt
train,train/labels/164-jpg_jpg.rf.kzrvLuK1CQbdLpm4xdf3.txt
train,train/labels/16491_png.rf.9eE1hzYownPxM57MRSDH.txt
train,train/labels/16655_png.rf.oOQnSZEMVXSho07P5o7t.txt
train,train/labels/16749_png.rf.3pbDeMVEplq2JIbFIhSw.txt
train,train/labels/16873_png.rf.8wh87T610adj2zQO8Qrf.txt
train,train/labels/16884_png.rf.TbS6RPQf7605oLHcfaKm.txt
train,train/labels/17180_png.rf.4zujRJ1Yj6i8rm5Gas4d.txt
train,train/labels/17559_png.rf.4sF0wnL9t5VJIp4HvAzM.txt
train,train/labels/17883_png.rf.RGTmTeLzepGUbJnHiGBf.txt
train,train/labels/1861_png.rf.PFltmG2lkSDcb56KuanQ.txt
train,train/labels/1_jpg.rf.XRm3l3Ky5Xxxkb6ICbsJ.txt
train,train/labels/201_png_jpg.rf.RSrOV0gEKgRSzO7mbRCM.txt
train,train/labels/20240211_114331_jpg.rf.jZjARopYhw3g6s9Se85T.txt
train,train/labels/20240211_114401_jpg.rf.9U1AIl5ZMePjVzdvlkSy.txt
train,train/labels/20240211_131603_jpg.rf.RFkX9SuvrnzVBd3skPyx.txt
train,train/labels/20240211_131628_jpg.rf.Kz3vEiduvz6JdXFAC8eQ.txt
train,train/labels/20240211_131638_jpg.rf.IjfRMTC44FnUzuVnDHGI.txt
train,train/labels/20240211_141950_jpg.rf.CYemWQWL1lvmg149HJUz.txt
train,train/labels/20240211_141953_jpg.rf.ovWqYOum6OjYaU2JlQym.txt
train,train/labels/20240211_142045_jpg.rf.qJKr6Gwo8lxlHMbmnZM5.txt
train,train/labels/20240211_142057_jpg.rf.sBDHUGZjK1RDDQCXdnOO.txt
train,train/labels/20240211_143849_jpg.rf.K9ti4CDSbgF5KThAK986.txt
train,train/labels/20240211_143926_jpg.rf.6EdovLi0Zj1XZsiZSlS0.txt
train,train/labels/20240211_144151_jpg.rf.24B2Jq763fuhamfVqc8G.txt
train,train/labels/20240211_144222_jpg.rf.Imt4GmxqCTuzBIX2mgOi.txt
train,train/labels/20240211_144306_jpg.rf.cTfQA1kD1St6frtcNZOK.txt
train,train/labels/20240211_144412_jpg.rf.Xi8T4lK4oAJzYE3ZKqxY.txt
train,train/labels/20240211_144415_jpg.rf.qJrkIkG0xIcrSss9zELa.txt
train,train/labels/20240211_144425_jpg.rf.2V4iUXuIaoo8rauqkuKy.txt
train,train/labels/20240211_144451_jpg.rf.O67u9MgCZRBfdQTFHsBO.txt
train,train/labels/20240211_144525_jpg.rf.owEudH4lkQMvSKAsIIGR.txt
train,train/labels/20240211_144544_jpg.rf.cCjYOXlZ2A6JNbOnfTkT.txt
train,train/labels/20240211_144547_jpg.rf.C43b391APx6yDcvwIyuM.txt
train,train/labels/20240211_144553_jpg.rf.i5uDdNsn5U1dJ2Vyfis5.txt
train,train/labels/20240211_144604_jpg.rf.k7s3OVKwkUsEjAmXni2D.txt
train,train/labels/20240211_144646_jpg.rf.wWJHIVF0EctRA8rH0ILP.txt
train,train/labels/20240211_144741_jpg.rf.ip9yhB4P25veXesEr9QT.txt
train,train/labels/20240211_144944_jpg.rf.mOHCOLM3y8iSSJpUUII3.txt
train,train/labels/20240211_144956_jpg.rf.SvIXuaFOKtJLuPyebl8k.txt
train,train/labels/20240211_145230_jpg.rf.AsUhUATWMZsDPzU89nqo.txt
train,train/labels/20240211_145334_jpg.rf.VoSLcTDlwI56AaGp1ppW.txt
train,train/labels/20240211_145348_jpg.rf.sOm7HXmMAl2sNMUQTLlQ.txt
train,train/labels/20240211_145459(0)_jpg.rf.hNFfjyWvt5D3zJY1KgkK.txt
train,train/labels/20240211_150121_jpg.rf.iG9QLMPrSjsTwrPWISbV.txt
train,train/labels/20240211_150207_jpg.rf.eXN818yqhKAyGTd9mt3R.txt
train,train/labels/20240211_150232_jpg.rf.nF1jDkHOxBJJt9cUbln4.txt
train,train/labels/20240211_150646_jpg.rf.6c8VxY6imFsBmgFwuaw9.txt
train,train/labels/20240211_150806_jpg.rf.OcMWGRclZBqypNkNqp6c.txt
train,train/labels/20240211_150850_jpg.rf.BcM0MfkFZ43NHYFeR2jB.txt
train,train/labels/20240211_151133_jpg.rf.SKtO0vMkBRIkwHGpxwnP.txt
train,train/labels/20240211_151424_jpg.rf.Ds6t58TPEL9fH7JNxtz1.txt
train,train/labels/20240211_151453_jpg.rf.lkBXAlPrrzDwWFhVHkiT.txt
train,train/labels/20240211_151505_jpg.rf.KZ8fUQ5pVsB0gtwCAMsD.txt
train,train/labels/20240211_151933_jpg.rf.Bb2oqCJSrw2pAIsQgn5b.txt
train,train/labels/20240211_152417_jpg.rf.n4aUn7OdyKm6Wxsmv5M4.txt
train,train/labels/20240211_152519_jpg.rf.i8lkoJAtwSvAAKwf8PqE.txt
train,train/labels/20240211_152641_jpg.rf.xTJPf6xaGr24X2k0k26c.txt
train,train/labels/20240211_152742_jpg.rf.KxO2yYpaG8WY60H1PWYc.txt
train,train/labels/20240211_152846_jpg.rf.aGPc1s5IPIh1oJvLDYYM.txt
train,train/labels/20240211_152858_jpg.rf.N5AU8KrLtf7ktgXVTV7M.txt
train,train/labels/20240211_152922_jpg.rf.mWAs1vjgNK8XAUov7mFP.txt
train,train/labels/20240211_152928_jpg.rf.oYCgENq532SWc4lhAt0Z.txt
train,train/labels/20240211_153003_jpg.rf.QaxIDC2jwoNfTQZZJyob.txt
train,train/labels/20240211_153116_jpg.rf.hI8dqtZzWth4W6p3Rgv7.txt
train,train/labels/20240211_153308_jpg.rf.3tjayNEy6ZXKToJGUu87.txt
train,train/labels/20240211_153617_jpg.rf.HLWZ5mGzpPHRjEG2kDd5.txt
train,train/labels/20240211_153622_jpg.rf.lPRfN1prYFfUPbj6ra6r.txt
train,train/labels/20240211_153714_jpg.rf.1F5pBL7vUPQdQzkamD58.txt
train,train/labels/20240211_153717_jpg.rf.8dw2VxWfYG4KNy67kk2h.txt
train,train/labels/20240211_153726_jpg.rf.nSqxb4SDofagdWxoanEY.txt
train,train/labels/20240211_154002_jpg.rf.JJPw2VuEehPRFVZ6S2rM.txt
train,train/labels/20240211_154004_jpg.rf.rCsoaWUxQquux1z4GQhS.txt
train,train/labels/20240211_154030_jpg.rf.nCptbQW3qXKbyiqqYVwP.txt
train,train/labels/20240211_154102_jpg.rf.MiBdgk7w7oMTorZVN5Kp.txt
train,train/labels/20240211_154119_jpg.rf.1SfsxiUvfnfiH9Q7sJv9.txt
train,train/labels/20240211_154123_jpg.rf.yFAOdIiVV9wEArLzctbi.txt
train,train/labels/20240211_154144_jpg.rf.FDDRjY3vII0QMiF0ztb4.txt
train,train/labels/20240211_154214_jpg.rf.mT1BaiFpka5ErdYuq5FA.txt
train,train/labels/20240211_154334_jpg.rf.0FI6OUYpCRTfR22neBRG.txt
train,train/labels/20240211_154355_jpg.rf.PU3g1Kdgo3XBq8GKFgfb.txt
train,train/labels/20240211_154413_jpg.rf.ENKZMUlZZu9GzmOyrEIT.txt
train,train/labels/20240211_154442_jpg.rf.2LK6o9KZERFX0yFyz8jG.txt
train,train/labels/20240211_154507_jpg.rf.Hy92Y6JyU1DuyQP1GcpK.txt
train,train/labels/20240211_154516_jpg.rf.kfLI1cYIMWBeNcV9ockL.txt
train,train/labels/20240211_154533_jpg.rf.C64luGoCQVbkKG0JlXaR.txt
train,train/labels/20240211_154541_jpg.rf.BSo2ZnSFQsOXds0PNWD1.txt
train,train/labels/20240211_154632_jpg.rf.OSLDHG1Bwada01FSqpNX.txt
train,train/labels/20240211_154656_jpg.rf.hgxTZU5k5rutqw4w51tz.txt
train,train/labels/20240211_154659_jpg.rf.FjB7n5tkfZWsTL7MdoLw.txt
train,train/labels/20240211_154723_jpg.rf.B2EaCdbzTwNDWlKceL3B.txt
train,train/labels/20240211_161034_jpg.rf.O2j7aIXxxrWSjCicEGqu.txt
train,train/labels/20240211_161359_jpg.rf.Dz8ls3eXD1h9AHb8TCe9.txt
train,train/labels/20240211_161415_jpg.rf.FmywP58MEOxjl7S2Tdfu.txt
train,train/labels/20240211_161612_jpg.rf.tLxEKQXaf8eY1foAiQyg.txt
train,train/labels/20240211_161816_jpg.rf.acPCioff9IUAvmPjHZTb.txt
train,train/labels/20240211_162009_jpg.rf.xT1D52lhKxlyYfsZZINA.txt
train,train/labels/20240211_162057_jpg.rf.Pj63lZp42mN89gO5oazk.txt
train,train/labels/20240211_162206_jpg.rf.ozPmUZ4BIAilugO40SaP.txt
train,train/labels/20240211_162500_jpg.rf.mMXzUknXdfsa776uHrwB.txt
train,train/labels/20240211_162526_jpg.rf.j4Rd3s1Bi2SYUCTHot9E.txt
train,train/labels/20240211_162541_jpg.rf.wsjSl6scidTA6GVQqz9e.txt
train,train/labels/20240211_162554_jpg.rf.U8vPukVEBzzYtT2fURlz.txt
train,train/labels/20240211_162610_jpg.rf.UXkMjSPVYwaqPpyumjoL.txt
train,train/labels/20240211_162615_jpg.rf.mJM0Rji8M392WxdnWH5H.txt
train,train/labels/20240211_162618_jpg.rf.EiYzbZ3E8J4U4rKeoWeK.txt
train,train/labels/20240211_162621_jpg.rf.Dj6zYN2NizyAPzfmLsXx.txt
train,train/labels/20240211_162715_jpg.rf.liWzkrkCQbYTqY3SN4I6.txt
train,train/labels/20240211_162721_jpg.rf.EgwlqHyL8RvmN6bWmWXn.txt
train,train/labels/20240211_162723_jpg.rf.EGsu8f60cONQsKycM8RT.txt
train,train/labels/20240211_162820_jpg.rf.WMQUgd1q9XgNv69Y4GkV.txt
train,train/labels/20240211_162823_jpg.rf.uP6iII99wL8D7ceuATnI.txt
train,train/labels/20240211_162910_jpg.rf.9SHxjzsv5XhwYzwkwEKr.txt
train,train/labels/20240211_162943_jpg.rf.bokilyyrPd3EJoCf6W70.txt
train,train/labels/20240211_163146_jpg.rf.hrRjRqCBo2UEhAJjT3mu.txt
train,train/labels/20240211_163155_jpg.rf.MYTSUT6nLw24BFYm3ODG.txt
train,train/labels/20240211_164406_jpg.rf.qfBQQ7IYHhlJGoZHbn2Z.txt
train,train/labels/20240211_164501_jpg.rf.Ei1JxtUjTYIVo6365BBe.txt
train,train/labels/20240211_164614_jpg.rf.pDsFmK4kRsxBmzwgwaHC.txt
train,train/labels/20240211_165826_jpg.rf.5b7bGi6nyXSarPoBH02V.txt
train,train/labels/20240211_165828_jpg.rf.P8QFOtVojTMSeE24p7aS.txt
train,train/labels/20240211_170503_jpg.rf.rWMv14rC3J8Yb39AUxeQ.txt
train,train/labels/20240214_135813_jpg.rf.OmsKzBvVNgZc1t770WHQ.txt
train,train/labels/20240214_135823_jpg.rf.28ypELQIWUuHBzBUJhXR.txt
train,train/labels/20240214_135839_jpg.rf.ivvNe98qr1FQDgEFrnq0.txt
train,train/labels/20240214_135908_jpg.rf.0XwFftaO7iQtyGWswNhb.txt
train,train/labels/20240214_135913_jpg.rf.kE9KcqhoiZRmEHql3tTX.txt
train,train/labels/20240214_140052_jpg.rf.Z49d8dKvSh9Nk7Jw1T7L.txt
train,train/labels/20240214_140108_jpg.rf.yiNBJFJPvkXgPx3DigDY.txt
train,train/labels/20240214_140120_jpg.rf.xs2vyfNdBkmn4FRfSjE1.txt
train,train/labels/20240214_140852_jpg.rf.ckNfKOtmez4kxswJDx93.txt
train,train/labels/20240214_140855_jpg.rf.GkuC6sfJyaxHfTinEHII.txt
train,train/labels/20240214_140901_jpg.rf.KqKOq3glRVCX5QnNOqmJ.txt
train,train/labels/20240214_140938_jpg.rf.oLhzE2FVRfQtFKw9YL12.txt
train,train/labels/20240214_140954_jpg.rf.pfoN5Jzu8i7lgeNLBRCF.txt
train,train/labels/20240214_141035_jpg.rf.m9GgVbOBzL4tben28HKf.txt
train,train/labels/20240214_141052_jpg.rf.POwCDO43ccg3FUe87AZU.txt
train,train/labels/20240214_141053_jpg.rf.syz1BC0JAOGgmztmPzfr.txt
train,train/labels/20240214_141059_jpg.rf.Cxc0cXXn1P38a6far7KK.txt
train,train/labels/20240214_141101_jpg.rf.WZAM0vEh5B0CMl9NWvje.txt
train,train/labels/20240214_141117_jpg.rf.7NFajvoTkaHJLpzPRbye.txt
train,train/labels/20240214_141320_jpg.rf.Lee1nrIzpKCRwucsKSBA.txt
train,train/labels/20240214_141401_jpg.rf.Wq6CIoL0sowDwHSWFLnN.txt
train,train/labels/20240214_142333_jpg.rf.NvJTZMfZER217txt8pSt.txt
train,train/labels/20240214_145544_jpg.rf.tEu7JeYWJd3ZMyOOEo2P.txt
train,train/labels/20240214_145556_jpg.rf.9r4yBWZKpD1dY3qPLCOK.txt
train,train/labels/20240214_145649_jpg.rf.sbn0q1WuVZ7LPp2uY7j8.txt
train,train/labels/20240214_145741_jpg.rf.rYniO6EI7ChW7H0bsvOs.txt
train,train/labels/20240214_145915_jpg.rf.ylp29fZwfmCThya9my37.txt
train,train/labels/20240214_145943_jpg.rf.AS6rMLmhyWNTHtnFn5Tv.txt
train,train/labels/20240214_150054_jpg.rf.Gx0wFhTBxxkmPULCbLYd.txt
train,train/labels/20240214_150120_jpg.rf.mp71dpKncjJCwekQYyYZ.txt
train,train/labels/20240214_181959_jpg.rf.xKx5Ii5sODLDRBmH3MrO.txt
train,train/labels/20240214_182009_jpg.rf.5x8XEPzIBgMXMrotSeeb.txt
train,train/labels/20240214_182122_jpg.rf.n45YfU82IWCRjMOOPAeJ.txt
train,train/labels/20240214_182811_jpg.rf.TAWCjPqkSY3WkERiqPkI.txt
train,train/labels/20240214_182913_jpg.rf.MZw6mHEleLADrPxR6vwX.txt
train,train/labels/20240214_183305_jpg.rf.a0g1Jw5DZmJuvs927YpI.txt
train,train/labels/20240214_183325_jpg.rf.AAop6hEFXxCb0u58kwyx.txt
train,train/labels/20240214_183457_jpg.rf.eWtpAfH0CZGjHwCOj0PE.txt
train,train/labels/20240214_183934_jpg.rf.nAH2ZMtAbPLlh1uRXCyG.txt
train,train/labels/20240214_184054_jpg.rf.266LB7g8FluexPBhdBdv.txt
train,train/labels/20240214_184229_jpg.rf.w8CXw3fsgndrmyqbIg8F.txt
train,train/labels/20240214_184246_jpg.rf.xhA38dHcOsjhzkFsMztx.txt
train,train/labels/20240214_190023_jpg.rf.00ladosMN9io0zBrjBn9.txt
train,train/labels/20240214_190219_jpg.rf.ljDpOisZhJCj8jG3Cnx1.txt
train,train/labels/20240214_190223_jpg.rf.irVK0xKcpsbz1xeGxvSE.txt
train,train/labels/20240214_190240_jpg.rf.uiQFsf5GjMtldMAlUiRc.txt
train,train/labels/20240214_190327_jpg.rf.JvVPu8oam7ZCxjF7aouj.txt
train,train/labels/20240214_190432_jpg.rf.0AMaLupcwaVFHZYoHzc7.txt
train,train/labels/20240214_190445_jpg.rf.L0jgc2aN6r1x5XMaFXKU.txt
train,train/labels/20240214_190454_jpg.rf.V0wdrty9McxWdfDR73Am.txt
train,train/labels/20240214_190557_jpg.rf.wstPRzfVxQN4gD2QHbhf.txt
train,train/labels/20240214_190702_jpg.rf.y4xHu3LqSwBwZ7u5Pcfa.txt
train,train/labels/20240214_190724_jpg.rf.GfYspjXBzzY4wu7jGqHN.txt
train,train/labels/20240214_190950_jpg.rf.W8RUIzQWsAlPtJFkFOMK.txt
train,train/labels/20240214_191042_jpg.rf.opGvjSXBNhzAuWqDJxco.txt
train,train/labels/20240214_191047_jpg.rf.y80z8twbGWwebEBF9Cfw.txt
train,train/labels/20240214_191414_jpg.rf.lMCVYsbkqyWfbB5Hozo2.txt
train,train/labels/20240214_191553_jpg.rf.InZ0lxwTaC3IeKYGUGql.txt
train,train/labels/20240214_191606_jpg.rf.GjFXPwFRrbxZAvgPdFhN.txt
train,train/labels/20240214_191615_jpg.rf.9wziA0QotRr04WXEyc05.txt
train,train/labels/20240214_191637_jpg.rf.AGXHjSnnPe5RfkAEDnij.txt
train,train/labels/20240214_191729_jpg.rf.BFRwC8CbsrVQBK0iPIzw.txt
train,train/labels/20240214_191734_jpg.rf.pGPl6rCeLrpQ4jVvS46a.txt
train,train/labels/20240214_191800_jpg.rf.RGXvh43xiRsY59zjG8n3.txt
train,train/labels/20240214_191810_jpg.rf.KkIJDYN9w73VIt6NYNzW.txt
train,train/labels/20240214_191851_jpg.rf.mkU1TFoiwvV417TuHtpk.txt
train,train/labels/20240214_191855_jpg.rf.Pqz4zN7S9JSS8otW4JJT.txt
train,train/labels/20240214_191912_jpg.rf.mhLhpuHhS05wLMND6geP.txt
train,train/labels/20240214_191931_jpg.rf.yao2A1HLfuDbrAOVAB7Y.txt
train,train/labels/20240214_191943_jpg.rf.9y6RkTl9iwLIvaXME6vg.txt
train,train/labels/20240214_192053_jpg.rf.H5YOZfHVoe6lPg5yPs4J.txt
train,train/labels/20240214_204909_jpg.rf.gqjiZwtpSzqXnpPkZ6XJ.txt
train,train/labels/20240214_204918_jpg.rf.cfVwuM2xounqpUXongpi.txt
train,train/labels/20240214_205018_jpg.rf.Mvr0H6IdzwH9NiqIK41C.txt
train,train/labels/20240214_205022_jpg.rf.CbNmboYu0pdtp1Dnwl1S.txt
train,train/labels/20240214_205111_jpg.rf.Ey8BPiW0JVMDvRFMEfO5.txt
train,train/labels/20240214_205233_jpg.rf.ofEgN64NPwDWkroA6XrK.txt
train,train/labels/20240214_205415_jpg.rf.1AOUV6BlX9m2cNWkECqX.txt
train,train/labels/20240214_205431_jpg.rf.bkCMRzOX6fCqEnJllm1n.txt
train,train/labels/20240214_205452_jpg.rf.sRv0VApHznhy3Xr2nWmY.txt
train,train/labels/20240214_205526_jpg.rf.lZmVU8CMhNHfzLd9GG4F.txt
train,train/labels/20240214_205607_jpg.rf.1tCdVJT7Ukg1NOm2HxGB.txt
train,train/labels/20240214_205641_jpg.rf.52YkYIviNwUDaRXJGU1p.txt
train,train/labels/20240214_205747_jpg.rf.4aaxEqvXiFJEyFjsmv1j.txt
train,train/labels/20240214_205856_jpg.rf.W4VSoBE79wxZrEGK09gY.txt
train,train/labels/20240214_205910_jpg.rf.k35yOmncNjemVnEGtV6C.txt
train,train/labels/20240214_205950_jpg.rf.LGSczlu6EHBsJUm2XAI3.txt
train,train/labels/20240214_210026_jpg.rf.5LHrM3Q9hCnYj4iqTm2w.txt
train,train/labels/20240214_210029_jpg.rf.8RiUBkFR27tSg9V3ZidU.txt
train,train/labels/20240214_210126_jpg.rf.wtYgba8pZMbLwhQM2e7n.txt
train,train/labels/20240214_210128_jpg.rf.12uqiXCQZDcKrDOPlNcE.txt
train,train/labels/20240214_210247_jpg.rf.jZevyz65aEXbMERmw2hK.txt
train,train/labels/20240214_210630_jpg.rf.6gJKbctEisTfpg9SIkFc.txt
train,train/labels/20240214_210655_jpg.rf.3pnh9NwaOA2peR4BN5Pi.txt
train,train/labels/20240214_210710_jpg.rf.nAIfuAQCEljymDXUGssR.txt
train,train/labels/20240214_210722_jpg.rf.ypUSKrVA258OUCOBQ5KA.txt
train,train/labels/20240214_210728_jpg.rf.ONxIyAAAwuwSpKjLASQ0.txt
train,train/labels/20240214_211219_jpg.rf.FhsWyWxMyftu37q9NRtC.txt
train,train/labels/20240214_211540_jpg.rf.bx65NsfKEaIwyDqJCIXf.txt
train,train/labels/20240214_211621_jpg.rf.slXlcv1W3RMsz48CggF6.txt
train,train/labels/20240214_211640_jpg.rf.Q0iHwRJf9KnHwSq7CORs.txt
train,train/labels/20240214_211900_jpg.rf.QCghLQHArxofEyx4sANM.txt
train,train/labels/20240214_211920_jpg.rf.knTIxkdDBXrNSu5Gshr8.txt
train,train/labels/20240214_211930_jpg.rf.iZLdqsHwoLPmycQFLef7.txt
train,train/labels/20240214_211939_jpg.rf.DMI2CvWx4x7mpMhNqEqD.txt
train,train/labels/20240214_211942_jpg.rf.nlY7exzpPM4eSUQjXw5Z.txt
train,train/labels/20240214_211944_jpg.rf.YonM9exDjskhiw9LhQrd.txt
train,train/labels/20240214_212008_jpg.rf.P0VMGAtDGMeV3IA7JiOZ.txt
train,train/labels/20240214_212016_jpg.rf.tUoXUNX8YA036VDDbCJx.txt
train,train/labels/20240214_212042_jpg.rf.8KV9MptxtzLqdL6AY9C1.txt
train,train/labels/20240214_212055_jpg.rf.l3NjvweljHmw3q2rH29F.txt
train,train/labels/20240214_212310_jpg.rf.kh2dt3KmgqDJRdYqgvfH.txt
train,train/labels/20240214_212353_jpg.rf.Rt6FftT2gOS20PLioFvO.txt
train,train/labels/20240214_212448_jpg.rf.jqfW2fp7orFEIePHhdz3.txt
train,train/labels/20240214_212513_jpg.rf.Z4x1haUAIGh7qoWLgEQh.txt
train,train/labels/20240214_212520_jpg.rf.NFPAoAzRnMJjj6FOx3iy.txt
train,train/labels/20240214_212659_jpg.rf.NPE1jYKXQLh9JlskExk1.txt
train,train/labels/20240214_212816_jpg.rf.YSgyiK9KEBnxP5ga9lEx.txt
train,train/labels/20240214_212823_jpg.rf.TAuqKqFai36nNeFLTTi7.txt
train,train/labels/20240214_212825_jpg.rf.olsKKo0H8nZm1QsRmEtn.txt
train,train/labels/20240214_212829_jpg.rf.GXlT0zl7MwcDwp4gwR5s.txt
train,train/labels/20240214_212946_jpg.rf.jpVnI7Jo7NVHuITq1vf2.txt
train,train/labels/20240214_213045_jpg.rf.QI7gtc0h5Oe0IEw4zaxD.txt
train,train/labels/20240214_213100_jpg.rf.nn7Eb0FtGMWaAPcw8M6H.txt
train,train/labels/20240214_213103_jpg.rf.iKQiNU3WxFApz285hQg0.txt
train,train/labels/20240214_213107_jpg.rf.5VH7OWwjcPL1260Mt7IO.txt
train,train/labels/20240214_213247_jpg.rf.HyX4jjOS1eF08DFnn8mn.txt
train,train/labels/20240214_213414_jpg.rf.ZrtorYEBZRbiGO06itGn.txt
train,train/labels/20240214_213552_jpg.rf.DIaZTdzY7epMvslVnRMv.txt
train,train/labels/20240214_213832_jpg.rf.IY0fRWClEw4HiNSRDwSg.txt
train,train/labels/20240214_213845_jpg.rf.sIBJLThAx48lxrtyep1B.txt
train,train/labels/20240214_213919_jpg.rf.03olDsficJs4gd2VXoFX.txt
train,train/labels/20240214_214027_jpg.rf.3ALORuqvbn6pcf5glGiD.txt
train,train/labels/20240214_214218_jpg.rf.kMcVKnA5on5Bb940KtRy.txt
train,train/labels/20240214_214332_jpg.rf.Pe8V1BEPq8QbcwsXi8AV.txt
train,train/labels/20240214_214344_jpg.rf.WOXoxaUrHrDVrmAiN1ES.txt
train,train/labels/20240214_214502_jpg.rf.KhXt3E8CDiHy3RppkSql.txt
train,train/labels/20240214_214515_jpg.rf.pzDtaVUh1m81so8zuDUw.txt
train,train/labels/20240214_214548_jpg.rf.aN3PCGA32fI8uKWAk3pM.txt
train,train/labels/20240214_214645_jpg.rf.QJIdxa40YO3WfGS3agJ1.txt
train,train/labels/20240214_214656_jpg.rf.0Tn309VO7B5vDOL5wpBV.txt
train,train/labels/20240214_214714_jpg.rf.qpfwiOEBpOwI70zLu9jC.txt
train,train/labels/20240214_214812_jpg.rf.xlNwZw95GJwnl3USTnB3.txt
train,train/labels/20240214_214847_jpg.rf.7rXE1ZFzuvZvs3eoI3DW.txt
train,train/labels/20240214_215002_jpg.rf.Ge8k6uHzQdHCLTHkZvLB.txt
train,train/labels/20240214_215153_jpg.rf.IaxBlG8p3bUk9JhBfKEd.txt
train,train/labels/20240214_215255_jpg.rf.Kbse8nrIBF3jCi8ejqq5.txt
train,train/labels/20240214_215309_jpg.rf.RvuvByP1ipF6NaHjLOVw.txt
train,train/labels/20240214_215404_jpg.rf.pLCERvOSsP3GKl88Q5og.txt
train,train/labels/20240214_215526_jpg.rf.jTUnsHSXEyLU2opXDtWz.txt
train,train/labels/20240214_215909_jpg.rf.h0CTzvaZpdGK0TPK9Ojs.txt
train,train/labels/20240214_215924_jpg.rf.3T4Greu00e8BkWd7tTND.txt
train,train/labels/20240214_215931_jpg.rf.1kOKHLX9ItpAoQzAuWRz.txt
train,train/labels/20240214_215935_jpg.rf.2gJMRhYsrjg5c7Qlha72.txt
train,train/labels/20240214_215942_jpg.rf.TTCrKfUhXCrn7p2ZDbJ7.txt
train,train/labels/20240214_220119_jpg.rf.nlUOKYAIvTozPeP6IJ1F.txt
train,train/labels/20240214_220232_jpg.rf.6IOYg9XyKzWRQBk2fBWM.txt
train,train/labels/20240214_220311_jpg.rf.tSZgvBh3rXKxsfakWovD.txt
train,train/labels/20240214_220956_jpg.rf.kmnCS9rrkhYytm6TeRhQ.txt
train,train/labels/20240214_221014_jpg.rf.af0fFtL6CEh4ophmL33z.txt
train,train/labels/20240214_225027_jpg.rf.fw8DdkPCl4bPlzhWprDe.txt
train,train/labels/20240214_225050_jpg.rf.32Pc2vXyRkaS8OzckUKW.txt
train,train/labels/20240214_225107_jpg.rf.SCH4LvFfjmZ7HumprCGg.txt
train,train/labels/20240214_225431_jpg.rf.YNTGY69o8Go225RZBGeG.txt
train,train/labels/20240214_225537_jpg.rf.lwUBSNffkTHmJzykVdro.txt
train,train/labels/20240214_225544_jpg.rf.dSxcd1pyGNgRv06NH7xH.txt
train,train/labels/20240214_233959_jpg.rf.R3hm70jxvnllFXomgVHq.txt
train,train/labels/20240214_234001_jpg.rf.0tIMmhZnO2qKwVsPRsTn.txt
train,train/labels/20240215_172152_jpg.rf.mQZ4p6lXqkaRsUjYtYKM.txt
train,train/labels/20240215_173420_jpg.rf.pkIau6CINU4NchNnE14V.txt
train,train/labels/20240215_173734_jpg.rf.u17eJyKxzxNWMioK0Y09.txt
train,train/labels/20240215_173923_jpg.rf.H19HR0304wo1E7euUekJ.txt
train,train/labels/20240215_174007_jpg.rf.Aggv0D0UtsXm4tiSjQkB.txt
train,train/labels/20240215_175208_jpg.rf.TzQiWvGCVBEbEPAOxbur.txt
train,train/labels/20240215_175211_jpg.rf.pLkCYXK19gH6dwDMy6yp.txt
train,train/labels/20240216_100946_jpg.rf.vkgA67lYZsKdH2XzGw73.txt
train,train/labels/20240216_101930_jpg.rf.ovczEXjZ0GXPCl3aqp1T.txt
train,train/labels/20240216_102006_jpg.rf.UuBoCyV5i7PhCI25KAyE.txt
train,train/labels/20240216_102357_jpg.rf.envuaHrkd76pcwpD1T5o.txt
train,train/labels/20240216_140120_jpg.rf.DxAW7pYQAEFgf2Hxoz0G.txt
train,train/labels/20240216_140327_jpg.rf.H9mzGQ31uc0XXzs4X2Oj.txt
train,train/labels/20240216_140412_jpg.rf.Q0y1ACmAzSh3b62zbbfq.txt
train,train/labels/20240216_140500_jpg.rf.Qx0W8Ftivd3X3Y2xsy7k.txt
train,train/labels/20240216_140506_jpg.rf.L34VqZW7Zi7CxhXOMI2w.txt
train,train/labels/20240216_142520_jpg.rf.7stQASOsqnLkxWWsrOQj.txt
train,train/labels/20240216_143357_jpg.rf.azXexxeYs2WKwC2jGMCD.txt
train,train/labels/20240216_143432_jpg.rf.fF1E24hDNIqr8WySIgn4.txt
train,train/labels/20240216_143445_jpg.rf.NI7PUaruvXDZkbIfWOo9.txt
train,train/labels/20240216_143525_jpg.rf.AgYlhAtR7RFGXSURQ09N.txt
train,train/labels/20240216_143537_jpg.rf.bn5pGhpqX3hycmILjzDP.txt
train,train/labels/20240216_143550_jpg.rf.L4AIyf6qgXhSArT7kBar.txt
train,train/labels/20240216_143645_jpg.rf.IQemW7OcFYtmoVPd1k6f.txt
train,train/labels/20240216_143807_jpg.rf.PLkEs7kpZAzEbv4iNdxg.txt
train,train/labels/20240216_143821_jpg.rf.YbSKaY2VxLDHJ3D1GXwv.txt
train,train/labels/20240216_143834_jpg.rf.j3EsKF6DO8g4caBjicVg.txt
train,train/labels/20240216_143838_jpg.rf.kfs1TePlEPu3HkcdNuVU.txt
train,train/labels/20240216_143914_jpg.rf.MtC4RUZ9FoHLTde3lvb2.txt
train,train/labels/20240216_144004_jpg.rf.Lr815FDTidg02kFltgKl.txt
train,train/labels/20240216_144017_jpg.rf.eoFQDXBxoRCEXpYzR3dW.txt
train,train/labels/20240216_144021_jpg.rf.zW9gEZKvXseZzwYvVOek.txt
train,train/labels/20240216_144034_jpg.rf.3yqQcFkVEyOgiHYX7a4n.txt
train,train/labels/20240216_144053_jpg.rf.uyRg7SL2biYBpAKlgdjC.txt
train,train/labels/20240216_151624_jpg.rf.6VJBLQcsrPl9AiWIDjSF.txt
train,train/labels/20240216_151633_jpg.rf.N8QtcMPCo5Sq7I2M8cJG.txt
train,train/labels/20240216_151751_jpg.rf.PPKOav0IwWBn1TJaTA5g.txt
train,train/labels/20240216_151810_jpg.rf.jzGADHKnLIoLhTLVC3PL.txt
train,train/labels/20240216_151812_jpg.rf.gHEySomBwl6AwH10NteN.txt
train,train/labels/20240216_151843_jpg.rf.mCj2aEXst1wrjfhWAs3o.txt
train,train/labels/20240216_151854_jpg.rf.kJk3J6P5B2Mn11UV1DNK.txt
train,train/labels/20240216_151915_jpg.rf.62gOUSjOdTjHnuapbtJ3.txt
train,train/labels/20240216_151936_jpg.rf.DW8QqU61nq6MebKwFHp4.txt
train,train/labels/20240216_151945_jpg.rf.pS3LtgtqCXheIVqFOS0C.txt
train,train/labels/20240216_151953_jpg.rf.NGksvDL58CWZLBOAudHO.txt
train,train/labels/20240216_151954_jpg.rf.O0TvugkneBVxCOXiKDUK.txt
train,train/labels/20240216_152032_jpg.rf.eI6Nx3VWyKolqlXrp5ve.txt
train,train/labels/20240216_152034_jpg.rf.JyNCqp0eNKdaXfMQnbv6.txt
train,train/labels/20240216_152100_jpg.rf.FTQOpzMAvx5RITG2hS3Z.txt
train,train/labels/20240216_152102_jpg.rf.vG2ZvzbzIBItj7zvjjYK.txt
train,train/labels/20240216_152111_jpg.rf.MQe36fkJ5x5JP4Xw9tnE.txt
train,train/labels/20240216_152140_jpg.rf.0YoTuXzuUApivoA3SFxD.txt
train,train/labels/20240216_152142_jpg.rf.wsbEXoZlhY2JYafeoHEn.txt
train,train/labels/20240216_152407_jpg.rf.snPCn41ars4iFirCIO7I.txt
train,train/labels/20240216_152434_jpg.rf.KqyG3M06dtRKJCj3wDcR.txt
train,train/labels/20240216_152510_jpg.rf.tvdCcQ4bAIRHkTjE9cgq.txt
train,train/labels/20240216_152520_jpg.rf.tDU7xyu7ucZxptiOZlEi.txt
train,train/labels/20240216_152524_jpg.rf.gOxKZlrmfV14dsUykNUi.txt
train,train/labels/20240216_152527_jpg.rf.qZZAk88ycb3w0H00AU3V.txt
train,train/labels/20240216_152535_jpg.rf.psXY5dluXX5gVwhYYTlh.txt
train,train/labels/20240216_152550_jpg.rf.4xCMmNWWA5JYM9RKSSlH.txt
train,train/labels/20240216_160609_jpg.rf.ikgTsNU72QIcTYKXqdaW.txt
train,train/labels/20240216_161223_jpg.rf.0FIZQ7lj4vcpiyxGgOwz.txt
train,train/labels/20240216_161235_jpg.rf.tQGwy8Wh1oVtBkl0MSIc.txt
train,train/labels/20240216_161307_jpg.rf.XuIPmeSxWM6izQvWU2Az.txt
train,train/labels/20240216_164326_jpg.rf.buUp5i8sAwWsPjhIAyUD.txt
train,train/labels/20240216_164458_jpg.rf.bAfyDHteg4bipeSiVOch.txt
train,train/labels/20240216_164502_jpg.rf.kHimke6AwtXliS03Y95b.txt
train,train/labels/20240216_164523_jpg.rf.R9YNtcbWwXzIm35mx9cH.txt
train,train/labels/20240216_164526_jpg.rf.8X4yiXSjf3C0bjuSNbLK.txt
train,train/labels/20240216_164530_jpg.rf.zcz19jhskh4od3DpoO2O.txt
train,train/labels/20240216_164610_jpg.rf.M2I9HtyTX1JJdXSfmoCO.txt
train,train/labels/20240216_164732_jpg.rf.lWNiXrG17NAdWvj1IcWc.txt
train,train/labels/20240216_165202_jpg.rf.0z2NjYnpLLAcL9hMGljc.txt
train,train/labels/20240216_165329_jpg.rf.0MuMDJUABjvHzeN6Sf0I.txt
train,train/labels/20240216_165408_jpg.rf.Qx3wScguZpvBgrpR6Oqq.txt
train,train/labels/20240216_165807_jpg.rf.LrMy0BW8aIeSS8ipIas9.txt
train,train/labels/20240216_170609_jpg.rf.ve4tQmfRGmYgeRSR6kM4.txt
train,train/labels/20240216_170746_jpg.rf.Ocr5KGZtC6wA5aJsDRKX.txt
train,train/labels/20240216_170754_jpg.rf.aXMlxLysnFGR4EtXtBp3.txt
train,train/labels/20240216_170923_jpg.rf.rth85s9SJJuYC09mqNBB.txt
train,train/labels/20240216_171737_jpg.rf.QlmbS3zkfZ57ieZJZLfw.txt
train,train/labels/20240216_171804_jpg.rf.QcvDTZ1gIZgu6pNM75WH.txt
train,train/labels/20240216_171823_jpg.rf.mHJT1EAMHq5L79nV3Y6j.txt
train,train/labels/20240216_183818_jpg.rf.Oos2WhgQGQeQR4Kleko6.txt
train,train/labels/20240216_184111_jpg.rf.5Xz2jEZFQMGxBA5hwU1D.txt
train,train/labels/20240216_201843_jpg.rf.9nobmd1QjVSNVuFXX2zf.txt
train,train/labels/20240216_201859_jpg.rf.naFI4kOrBcuZgX27g1Lu.txt
train,train/labels/20240216_201918_jpg.rf.KXGebe6JAkJuKdgEXyeK.txt
train,train/labels/20240216_201950_jpg.rf.itsq8647XRLTdaAPEnmB.txt
train,train/labels/20240216_202009_jpg.rf.2rU2QxFgkyBWF9NkeMOz.txt
train,train/labels/20240216_202028_jpg.rf.pebdCP0ZZ8yCfdEipyBA.txt
train,train/labels/20240216_202043_jpg.rf.SbtkKcCjGJX7ZFJDIxg4.txt
train,train/labels/20240216_202054_jpg.rf.loFyGpJykAcHQbA3kFxr.txt
train,train/labels/20240216_202106_jpg.rf.J8NC2Is0ofUsJXMenP38.txt
train,train/labels/20240216_202119_jpg.rf.YdzrtNytiZEQvqmy7Kj9.txt
train,train/labels/20240216_202206_jpg.rf.U1aG3vk9n03XDP9oCIrI.txt
train,train/labels/20240216_202221_jpg.rf.ooF3x0hGVZAMGdiMysU0.txt
train,train/labels/20240216_202459_jpg.rf.hRFqrMfamU2x01IpDNfR.txt
train,train/labels/20240216_202511_jpg.rf.ilI4eJuA0mX1oVVjsrmI.txt
train,train/labels/20240216_202822_jpg.rf.dKXP765YDmPXlZn8s4SZ.txt
train,train/labels/20240216_202831_jpg.rf.DM14jigQ1QCyQFvHqDVy.txt
train,train/labels/20240216_202839_jpg.rf.A0NVo5rwO38NuNK1Bzxw.txt
train,train/labels/20240216_202843_jpg.rf.mxYOZPL6FzRH6g60Mh4r.txt
train,train/labels/20240216_202904_jpg.rf.GLeXskNziEtcburqKhjP.txt
train,train/labels/20240216_202911_jpg.rf.53VZod8Jb4BeUnF8Y0Mt.txt
train,train/labels/20240216_203100_jpg.rf.9ORFhlKohtrGA19Boy8n.txt
train,train/labels/20240216_203115_jpg.rf.9ASt301AMEi53i4NjKOI.txt
train,train/labels/20240216_203159_jpg.rf.8bJx76li74eXyvuub0dj.txt
train,train/labels/20240216_205353_jpg.rf.k3UmJcjtHI0vnBcLbnmz.txt
train,train/labels/20240216_205426_jpg.rf.0wiShTB8PqwGWaouy2HV.txt
train,train/labels/20240216_205435_jpg.rf.3UxkdhYeU9JCWnFVlpzf.txt
train,train/labels/20240216_205450_jpg.rf.EJHMBDOZdDvIR6UhhLcr.txt
train,train/labels/20240216_205455_jpg.rf.ceuhx5YsuQi06DFCFUmr.txt
train,train/labels/20240216_205922_jpg.rf.3LlfS4YWBza8slvCoBKK.txt
train,train/labels/20240216_210034_jpg.rf.5CRuFCld5w41ZzQgs3hT.txt
train,train/labels/20240216_210245_jpg.rf.KfvA0y29LFqiWOayREJh.txt
train,train/labels/20240216_210256_jpg.rf.HG3HOwZAnFHNsom1ZjVl.txt
train,train/labels/20240216_213209_jpg.rf.d4rtkbZNY9p2UdF6yiFR.txt
train,train/labels/20240216_213253_jpg.rf.15OKr8DiWE0WRzNTpCqj.txt
train,train/labels/20240216_213548_jpg.rf.OX6BAMDoBaophNc2lqeS.txt
train,train/labels/20240216_213645_jpg.rf.lxDUkTAY8Zk52nrXU1GC.txt
train,train/labels/20240216_213710_jpg.rf.nKglOi1Wr6TSLWTN5Seh.txt
train,train/labels/20240216_213813_jpg.rf.fKFkSgix8ff3JwybixGY.txt
train,train/labels/20240216_213826_jpg.rf.YVFYR3gomnjLAGbtCvD9.txt
train,train/labels/20240216_213847_jpg.rf.cLinNG3pNKdXFfdirXsJ.txt
train,train/labels/20240216_213923_jpg.rf.3j4dKBXlsP6gdy3KFdtp.txt
train,train/labels/20240216_220351_jpg.rf.O40CD2TXwXfoT2nBibTI.txt
train,train/labels/20240216_220612_jpg.rf.g9FD6H0eppMHDQiKLaFo.txt
train,train/labels/20240216_222141_jpg.rf.yTgdaWbokGVAvyfblqy9.txt
train,train/labels/20240216_222704_jpg.rf.9bOOEL0a5FZd2Xdjxc9f.txt
train,train/labels/20240216_222850_jpg.rf.17R3V5zbjqtzJY8Xhimi.txt
train,train/labels/20240217_190924_jpg.rf.Oeg7v9m2I8kgJ8afRznp.txt
train,train/labels/20240218_144717_jpg.rf.RKzWlXga4TZxIbyrM0SP.txt
train,train/labels/20240218_144734_jpg.rf.Fpv2nEAvqGMYkGJGx7pg.txt
train,train/labels/20240218_144903_jpg.rf.gs00M6QmOwu0Du4kFRhd.txt
train,train/labels/20240218_144919_jpg.rf.FvWmODWEPZSOuB0kmw49.txt
train,train/labels/20240218_144949_jpg.rf.FH8LvYEmpPBbxMVus6sa.txt
train,train/labels/20240218_144957_jpg.rf.Q1NWrFST5Mx4vr0rhAg8.txt
train,train/labels/20240218_145037_jpg.rf.wpAzoh0PMLNpOYHU6uXf.txt
train,train/labels/20240218_145042_jpg.rf.rKk1Rmhkf9OPAC4kdu8S.txt
train,train/labels/20240218_145127_jpg.rf.eAJdlPmVnDqzexxv3WbL.txt
train,train/labels/20240218_145146_jpg.rf.2Xffc33BVFBbVPkU7WTW.txt
train,train/labels/20240218_145205_jpg.rf.oYc0bfF4KxyT2retJ2SV.txt
train,train/labels/20240218_145215_jpg.rf.0hEwNYDhsHObCKP3BPmo.txt
train,train/labels/20240218_145223_jpg.rf.TEQxES6IWJDfjsdxDB2v.txt
train,train/labels/20240218_145252_jpg.rf.l3GfN7hBcB6zqrdFVBgT.txt
train,train/labels/20240218_145407_jpg.rf.Wb8LLmwszt8RTfHCfPdS.txt
train,train/labels/20240218_145433_jpg.rf.xeDULjbn2N5vW61WDZrE.txt
train,train/labels/20240218_145538_jpg.rf.fDWxdS9kMV7u5ExdPOIy.txt
train,train/labels/20240218_145711_jpg.rf.idop4ZT9I5XvJBP2WbMn.txt
train,train/labels/20240218_145823_jpg.rf.bxEW6YVfHbFsOQDEofwH.txt
train,train/labels/20240218_145824_jpg.rf.9iwiq87qvX6ViPA3rmku.txt
train,train/labels/20240218_145837_jpg.rf.fvCnjfmAqNRC9rst5Kf9.txt
train,train/labels/20240218_145853_jpg.rf.pa5yzp1imX6CbIPy48Re.txt
train,train/labels/20240218_145943_jpg.rf.E4v6cNx8riJGGvJJuDfh.txt
train,train/labels/20240218_145949_jpg.rf.nDh6ohF28GoxxBEUnSjF.txt
train,train/labels/20240218_1508132_jpg.rf.aNxIhM5kSLfQG2s8j89d.txt
train,train/labels/20240218_150813_jpg.rf.ShyZkrz8iDFbCYJY2iir.txt
train,train/labels/20240218_151053_jpg.rf.UciqhXqBaw7wvMgoX7OQ.txt
train,train/labels/20240218_151141_jpg.rf.x59nvADfopRiQdhrvqox.txt
train,train/labels/20240218_151510_jpg.rf.ulIAhFdx8G5OGkOJ3yHo.txt
train,train/labels/20240218_151931_jpg.rf.lPNclwb8G6O9QGKQzUcu.txt
train,train/labels/20240218_152348_jpg.rf.6Xxab97jWnthtexmRzOX.txt
train,train/labels/20240218_152611_jpg.rf.F85PJ05OmRnMw6tthlDj.txt
train,train/labels/20240218_152626_jpg.rf.tbCIweNfyD9xzl2ew64o.txt
train,train/labels/20240218_152857_jpg.rf.8edHTtEBOHda9EPdTexq.txt
train,train/labels/20240218_153234_jpg.rf.8jspfmt9KxVPbCbTQ6JS.txt
train,train/labels/20240218_153245_jpg.rf.EJx05meIMiht0o88Ou9W.txt
train,train/labels/20240218_153325_jpg.rf.FriVJVf8mdDDUVyUrdru.txt
train,train/labels/20240218_153346_jpg.rf.nQnSUtECNUVHafUDTsKP.txt
train,train/labels/20240218_153348_jpg.rf.hhhFtJLFDGKPv5NL9xGB.txt
train,train/labels/20240218_153456_jpg.rf.EWGcIGr5pny6wWZSeJ1S.txt
train,train/labels/20240218_153508_jpg.rf.7djZhleLT8HRdsZwWL74.txt
train,train/labels/20240218_153512_jpg.rf.s8TivTveqeYArsWw0kGv.txt
train,train/labels/20240218_153517_jpg.rf.1AdOVtnFLozG0UNgKfwO.txt
train,train/labels/20240218_153520_jpg.rf.T4FYlmLOp6D5QggRuGca.txt
train,train/labels/20240218_153652_jpg.rf.RWSzzmOHxZBj5NRRQVC0.txt
train,train/labels/20240218_153655_jpg.rf.rJZ3idN4sPzwTSmjnKEQ.txt
train,train/labels/20240218_154351_jpg.rf.rHC0KjZa2oISg661ZArj.txt
train,train/labels/20240218_154545_jpg.rf.sr0MxHhXyv7jKkwCJDZh.txt
train,train/labels/20240218_154707_jpg.rf.nmOic6RsNo4qqdsBzLav.txt
train,train/labels/20240218_155138_jpg.rf.UZW18JiOznrMoCKQePSu.txt
train,train/labels/20240218_155252_jpg.rf.FqReRtoEhy54inGGnMrc.txt
train,train/labels/20240218_155302_jpg.rf.b3Vo28tmiMZDO1AGDkRV.txt
train,train/labels/20240218_155310_jpg.rf.ZR2HvGWEVuEic3XBAekm.txt
train,train/labels/20240218_155357_jpg.rf.JAdRnYwkKnd5bd13bj4J.txt
train,train/labels/20240218_155411_jpg.rf.BqS5SjQyApWOBFLQvXcJ.txt
train,train/labels/20240218_155431_jpg.rf.Ny4gqDWREJKwtvvBXpWH.txt
train,train/labels/20240218_155445_jpg.rf.loc2aiVIw9it5yrzNTko.txt
train,train/labels/20240218_155459_jpg.rf.rdQy2hpOPbkJo4AF0yEO.txt
train,train/labels/20240218_155510_jpg.rf.EmzirKOXz4obxrGuh6zp.txt
train,train/labels/20240218_155523_jpg.rf.oZyPJ8dJZdCzCQFHQSxP.txt
train,train/labels/20240218_155601_jpg.rf.MeDegnZiDL6vlKZYSqII.txt
train,train/labels/20240218_155708_jpg.rf.T10MSJZvDGdDoNn39LOL.txt
train,train/labels/20240218_155709_jpg.rf.FQMTKEAc2SjJR2WFZM01.txt
train,train/labels/20240218_155807_jpg.rf.27m1wVznh8zSs69A8c6y.txt
train,train/labels/20240218_155816_jpg.rf.uvvW50SmalROtshKZX2I.txt
train,train/labels/20240218_155822_jpg.rf.85xaMcS4BSQ7IAGP5aXX.txt
train,train/labels/20240218_155826_jpg.rf.oVgeZ71E1EO4lexfcjFK.txt
train,train/labels/20240218_155828_jpg.rf.UJeTsf14Bw8ElN53FouO.txt
train,train/labels/20240218_155849_jpg.rf.bTLGEXot6CvcNMKMTdH5.txt
train,train/labels/20240218_155925_jpg.rf.zHSBJfNT9Jp1NH4aptZ2.txt
train,train/labels/20240218_155926_jpg.rf.0rz0qqRi5VW3x8jiJIkY.txt
train,train/labels/20240218_155943_jpg.rf.0qjOoTrJS9OCuNFKR3Y3.txt
train,train/labels/20240218_155953_jpg.rf.S82XI3EBDBme7tO9Emep.txt
train,train/labels/20240218_160012_jpg.rf.OgNI670hxwrtCStsJaDI.txt
train,train/labels/20240218_160027_jpg.rf.OkUhmQwKvXrDwo9dPXPk.txt
train,train/labels/20240218_160033_jpg.rf.zGJctS0sy1luY8JQoc1W.txt
train,train/labels/20240218_160049_jpg.rf.opzNEfR4DjZmlLOagtPF.txt
train,train/labels/20240218_160109_jpg.rf.waqfWwPy9tSH5lkPqIlT.txt
train,train/labels/20240218_160122_jpg.rf.B99UJ8eSe2rR9FH8HEcF.txt
train,train/labels/20240218_160133_jpg.rf.G1Z5SfShAjaQU6exs1kW.txt
train,train/labels/20240218_160201_jpg.rf.0GxHnve8KkU7II0HmjGB.txt
train,train/labels/20240218_160204_jpg.rf.jNSjN641JfxzAxRsTruT.txt
train,train/labels/20240218_160211_jpg.rf.9mnNtUJf9qo7lg6LHwET.txt
train,train/labels/20240218_160241_jpg.rf.tIfUn3g9ctsw0TJj2SNs.txt
train,train/labels/20240218_160251_jpg.rf.tBBSmrEEQb1AHQucjyGk.txt
train,train/labels/20240218_160331_jpg.rf.7wuYUqc29dT7fXWRnLmf.txt
train,train/labels/20240218_160349_jpg.rf.kwR4Mh384dqHv8wVUCHW.txt
train,train/labels/20240218_160358_jpg.rf.ZJMGDytDBtIQHzzsRmeG.txt
train,train/labels/20240218_160404_jpg.rf.bEpBwZWiuF3ZLffupeZC.txt
train,train/labels/20240218_160442_jpg.rf.i116R5R90zatPnur06Be.txt
train,train/labels/20240218_160443_jpg.rf.0zrdjrySlm5s0IlkTAe9.txt
train,train/labels/20240218_160450_jpg.rf.VRMfHRbBc9ghvfO2T7nW.txt
train,train/labels/20240218_160507_jpg.rf.ycEVpDU1AsYZA4nBmybH.txt
train,train/labels/20240218_160606_jpg.rf.WUCsuXfsX1dRHjHCzTla.txt
train,train/labels/20240218_160641_jpg.rf.PowQXuqmWQq0xKNmJXad.txt
train,train/labels/20240218_160650_jpg.rf.scCxaebDyLqdmsbT4QLg.txt
train,train/labels/20240218_160654_jpg.rf.BbTjo5WChcWbGFaIh6P2.txt
train,train/labels/20240218_160657_jpg.rf.OpwaivO5mhBcivwBB6Nh.txt
train,train/labels/20240218_160700_jpg.rf.KR7q7MgY7iMNIU27aWa7.txt
train,train/labels/20240218_160831_jpg.rf.Ixs9jsMOmBpJ6FCBj188.txt
train,train/labels/20240218_161048_jpg.rf.FC28GQwwN6eWLQBDyJIo.txt
train,train/labels/20240218_161052_jpg.rf.jbOnRC2c3TF9gaeVrQP7.txt
train,train/labels/20240218_161158_jpg.rf.ib5ndo9dEiUi29MtPIA9.txt
train,train/labels/20240218_161205_jpg.rf.huPaF9WKttJW4OQMJk88.txt
train,train/labels/20240218_161250_jpg.rf.puviiZ6ubGTRTebkuc0q.txt
train,train/labels/20240218_161353_jpg.rf.1kS5ijgEJm5NOLHWmtbj.txt
train,train/labels/20240218_161400_jpg.rf.L43p6pPVHaL6Emd8zi6S.txt
train,train/labels/20240218_161426_jpg.rf.xUUwuDkLUltt93YRxLsq.txt
train,train/labels/20240218_161435_jpg.rf.A7SpPT527afa6NOI8OML.txt
train,train/labels/20240218_161447_jpg.rf.YUanxnglcmbfj3muQ0En.txt
train,train/labels/20240218_161449_jpg.rf.MLb9ZgdJ5PTmymPjgycb.txt
train,train/labels/20240218_161454_jpg.rf.UOsP9HBmC4GDVYU5VQgh.txt
train,train/labels/20240218_161458_jpg.rf.s4PoJXbcTywVwMCAOvVp.txt
train,train/labels/20240218_161526_jpg.rf.kUyWc692CoJ7mLAfSK76.txt
train,train/labels/20240218_161706_jpg.rf.PKdYOGdI9PnzhfCxqOG9.txt
train,train/labels/20240218_161730_jpg.rf.DlJ4GEKXw4Ivt64DXuZ5.txt
train,train/labels/20240218_161734_jpg.rf.OiV3uVthDgj5kfpf22hQ.txt
train,train/labels/20240218_161743_jpg.rf.ezviUXBkMu3UMWmQgs2T.txt
train,train/labels/20240218_161806_jpg.rf.ORLmEIhNatHhYgyQ8H17.txt
train,train/labels/20240218_161830_jpg.rf.OvpNFo3jxs8GonKT94ya.txt
train,train/labels/20240218_161840_jpg.rf.xXIImfswDHnZ9YrsRlDZ.txt
train,train/labels/20240218_161916_jpg.rf.6WfhHw6eHANh46OQOxxR.txt
train,train/labels/20240218_161924_jpg.rf.VjA1SbWPw4ilKWu5R4h6.txt
train,train/labels/20240218_162020_jpg.rf.23JSbr5cwZmysuNW21kd.txt
train,train/labels/20240218_162039_jpg.rf.9cbF3Foq45nuspkkQHqD.txt
train,train/labels/20240218_162056_jpg.rf.G2Jt4Ech1xYMsF541SL9.txt
train,train/labels/20240218_162118_jpg.rf.WIoHOP5V8VAyHzDJzeL2.txt
train,train/labels/20240218_162210_jpg.rf.TPL7bPjwYvRIDPCX4iDH.txt
train,train/labels/20240218_162256_jpg.rf.ulsneY0GiyoQykqJV5yd.txt
train,train/labels/20240218_162334_jpg.rf.OnIsTfw99QawbV4B0U9u.txt
train,train/labels/20240218_162344_jpg.rf.Tcgl7UMTcGLefAniPm94.txt
train,train/labels/20240218_162637_jpg.rf.b1eNepmQU5jKOxU7nm6O.txt
train,train/labels/20240218_171006_jpg.rf.NKJ8iLwiEvEbHe41yKEx.txt
train,train/labels/20240218_171204_jpg.rf.sx79s58E2lDSINL98zMi.txt
train,train/labels/20240218_171235_jpg.rf.tPsbA0KeHAioZqEbAuK9.txt
train,train/labels/20240218_171258_jpg.rf.iLr57zJskcR7vhFlK4Ii.txt
train,train/labels/20240218_171303(0)_jpg.rf.nd3kGiPS8RW7K1ifAxUM.txt
train,train/labels/20240218_171332_jpg.rf.VyIeHp3FP7nBkjZIaccr.txt
train,train/labels/20240218_171430_jpg.rf.rqKsvYpraLGP8X4sq7iO.txt
train,train/labels/20240218_171433_jpg.rf.FdnuyCCzggxiumbNYt6f.txt
train,train/labels/20240218_171522_jpg.rf.hPwjimxuvQZCxVlKSqhj.txt
train,train/labels/20240218_172104_jpg.rf.SqDcDYrlSsvrWtdUgtdy.txt
train,train/labels/20240218_172122_jpg.rf.aCai6Z0g8P2kezTLnFTw.txt
train,train/labels/20240218_172124_jpg.rf.P7NtNZAUPExQ6vJ33Ivg.txt
train,train/labels/20240218_172139_jpg.rf.QCY8CX9VG7lWN6sRewIy.txt
train,train/labels/20240218_172202_jpg.rf.auuyEBVsEJD1Hjjw2tyE.txt
train,train/labels/20240218_172218_jpg.rf.1tv3ptWD44AAUBLssRps.txt
train,train/labels/20240218_172451_jpg.rf.pRAxIANp5pKyTjBy2hTS.txt
train,train/labels/20240218_172519_jpg.rf.nJN4hAvWE5hJPvrF3ZZF.txt
train,train/labels/20240218_172600_jpg.rf.DoLsA5MpKPPxP3WTfcA2.txt
train,train/labels/20240218_172605_jpg.rf.TBZhY4qZwttSN6oG981W.txt
train,train/labels/20240218_172628_jpg.rf.Lf01NMD46pOXvEXietKY.txt
train,train/labels/20240218_172647_jpg.rf.1qjtFGGQlp2UcnAWwruD.txt
train,train/labels/20240218_172746_jpg.rf.lOmfyqzBL05MK5OOlnDv.txt
train,train/labels/20240218_172954_jpg.rf.ITyPsgZVwWKfDkSLIW4w.txt
train,train/labels/20240218_173144_jpg.rf.Ed8Yjpl0DdLg1sNncIbo.txt
train,train/labels/20240218_173203_jpg.rf.dUcQqJ4V1zhr5nIOVkw3.txt
train,train/labels/20240218_173210_jpg.rf.OdnMG5hTVJFRgG33EZcO.txt
train,train/labels/20240218_173212_jpg.rf.sB9bgryDkdyhGVSgtzSb.txt
train,train/labels/20240218_173244_jpg.rf.FcTRPSzBR5zdDUrJmn5L.txt
train,train/labels/20240218_173252_jpg.rf.Zhfjv3L2h6ctyhrIZhIp.txt
train,train/labels/20240218_173259_jpg.rf.R7Rj3xiIs9rvg4Wx4SkO.txt
train,train/labels/20240218_173315_jpg.rf.OhPAUdF2YuevF5WTyspq.txt
train,train/labels/20240218_173330_jpg.rf.09l3aSUCZGFWtKgePzx4.txt
train,train/labels/20240218_173334_jpg.rf.NA16QADqQD6xQTmHBKYJ.txt
train,train/labels/20240218_173358_jpg.rf.9u11P8LT5reBqgrmqxft.txt
train,train/labels/20240218_173406_jpg.rf.nDhvdYK08FbstCVrVhqq.txt
train,train/labels/20240218_173409_jpg.rf.QUdn8t58gzfBtkoZCoH9.txt
train,train/labels/20240218_173438_jpg.rf.uWIlnZPZcdQFeL2nyQo1.txt
train,train/labels/20240218_173440_jpg.rf.ZRym3oi1a68CrG0TnR6V.txt
train,train/labels/20240218_173449_jpg.rf.rxaFSO969DlHeRPVhxVL.txt
train,train/labels/20240218_173454_jpg.rf.yOOcuczwUxNSPXtoZMnk.txt
train,train/labels/20240218_173458_jpg.rf.gxCPSmaKfiow9ROCM7WQ.txt
train,train/labels/20240218_173536_jpg.rf.3xVMXkm60tVoOdqQ29fW.txt
train,train/labels/20240218_173601_jpg.rf.C5cFpgOTlcHaN6eJaaa9.txt
train,train/labels/20240218_173711_jpg.rf.syVFWxNqbvJ1AlBXoshx.txt
train,train/labels/20240218_173726_jpg.rf.jJia5dRBuprd8zBc6r2j.txt
train,train/labels/20240218_173812_jpg.rf.dVyDUCmmZ3AOp3P6AEs9.txt
train,train/labels/20240218_173846_jpg.rf.686aalOPRYPa1JQecDsa.txt
train,train/labels/20240218_173920_jpg.rf.jnQjqKJ3UpOp9oEzpnaj.txt
train,train/labels/20240218_173941_jpg.rf.WHljDN34WTqu059XkYcu.txt
train,train/labels/20240218_174002_jpg.rf.FCv4W5PgVKSMVs5MkoSA.txt
train,train/labels/20240218_174019_jpg.rf.U89fmwYybDAdE6bzne5w.txt
train,train/labels/20240218_174023_jpg.rf.pTCpGVxmaeEYIVuT7fbY.txt
train,train/labels/20240218_174032_jpg.rf.u241s0GESEZRILqqgcXc.txt
train,train/labels/20240218_174107_jpg.rf.BbNPSs7zWOGa0y4ZI7O0.txt
train,train/labels/20240218_174115_jpg.rf.PVi2qV4DOtz5bStUAoQg.txt
train,train/labels/20240218_174139_jpg.rf.dBiOoHW7wUCPmfZbigsH.txt
train,train/labels/20240218_174144_jpg.rf.WGoFMWpXbhfoDGQqgKuH.txt
train,train/labels/20240218_174153_jpg.rf.MTubGm2pOfNGxeH7nhRo.txt
train,train/labels/20240218_174204_jpg.rf.MIu9PEB5oNHkihNViGG1.txt
train,train/labels/20240218_174242_jpg.rf.Qfx1ZRKBHTnU00UNgqca.txt
train,train/labels/20240218_174255_jpg.rf.k1NKLq6fTj4Q5Dgv2Wru.txt
train,train/labels/20240218_174307_jpg.rf.cVIsWW6ExoTgXVUJ3eiG.txt
train,train/labels/20240218_174309_jpg.rf.mqGinoGG4oq5D1scgmPD.txt
train,train/labels/20240218_174315_jpg.rf.cgHxeE2hrmbYDQxni2et.txt
train,train/labels/20240218_174320_jpg.rf.b6YCZsHunULElF4cVYf4.txt
train,train/labels/20240218_174339_jpg.rf.oNB90WaFCfTBWNHOxJbr.txt
train,train/labels/20240218_174345_jpg.rf.03aMgz5LE4Cq9GQhK0uB.txt
train,train/labels/20240218_174351_jpg.rf.PNgzgBsRKAo8nvQtYttj.txt
train,train/labels/20240218_174406_jpg.rf.qaW9KBYlERQcuAQWk2LV.txt
train,train/labels/20240218_174419_jpg.rf.zlgALYHgHwwnXRlZEHiI.txt
train,train/labels/20240218_174439_jpg.rf.qBiV6MO7BXXZXN0sdKuN.txt
train,train/labels/20240218_174449_jpg.rf.EF2OgpEAWAImUYhv71Nl.txt
train,train/labels/20240218_174458_jpg.rf.RGwgwHxzBDGgE3qbZHW1.txt
train,train/labels/20240218_174522_jpg.rf.dzw57VQ2RtsnrVPTSj94.txt
train,train/labels/20240218_174532_jpg.rf.nP8VYxsS7GQ5zuhQMwzl.txt
train,train/labels/20240218_174540_jpg.rf.EtlM5x7flSjLDswoPzLs.txt
train,train/labels/20240218_174547_jpg.rf.6KUJ3IzM3CIX87fHUiLk.txt
train,train/labels/20240218_174607_jpg.rf.NPUC3IkdMEXIPK64sui8.txt
train,train/labels/20240218_174616_jpg.rf.jpwLhhueiuv7QX8YhEaN.txt
train,train/labels/20240218_174631_jpg.rf.nwDNSKwyDufz7uSwFUKL.txt
train,train/labels/20240218_174649_jpg.rf.DrHu45MdgWQb0iGfxJyj.txt
train,train/labels/20240218_174700_jpg.rf.QlLyOXF9SIToLar8iasb.txt
train,train/labels/20240218_174729_jpg.rf.eQ8eeXvMGcngZe6MJ2bv.txt
train,train/labels/20240218_174735_jpg.rf.aQgRgMSmovhOVhGJx5Kd.txt
train,train/labels/20240218_174830_jpg.rf.xbQYtM32tjpNKnVKjRZX.txt
train,train/labels/20240218_174928_jpg.rf.J48Ucd37iOLdbfxH0MgO.txt
train,train/labels/20240218_174931_jpg.rf.dXeiwWPyEUeeXz8wlaZn.txt
train,train/labels/20240218_174950_jpg.rf.Uj8jLogN78GZYZEGRjlb.txt
train,train/labels/20240218_175012_jpg.rf.xUcsfKDMHeR0f9bgcVcJ.txt
train,train/labels/20240218_175018_jpg.rf.MYhxd4g6bRrqEX77w1GT.txt
train,train/labels/20240218_175038_jpg.rf.PDb9dNNiefYAPMDz6BkO.txt
train,train/labels/20240218_175059_jpg.rf.YgICuNp2hzSxg2nhFBaS.txt
train,train/labels/20240218_175119_jpg.rf.KKVSgCi8W5hEvMaN2YKb.txt
train,train/labels/20240218_175212_jpg.rf.sBCCTYaSSBNPIVouVDvs.txt
train,train/labels/20240218_175243_jpg.rf.ybBdxMKgXBkG78qUmmVI.txt
train,train/labels/20240218_175246_jpg.rf.UOpPifI4ZAhnnbLxMR1K.txt
train,train/labels/20240218_175552_jpg.rf.Akfdc4olUjs1HqxTBBnZ.txt
train,train/labels/20240218_175712_jpg.rf.lZxGEKfFUaRNcVYJDFOL.txt
train,train/labels/20240218_175749_jpg.rf.LjwMNBLcMYH4GGMzqb5N.txt
train,train/labels/20240218_175838_jpg.rf.S9Y3OpBzT04g7p3MguJc.txt
train,train/labels/20240218_175840_jpg.rf.U6bOoSzGSFiZLyUQmDAe.txt
train,train/labels/20240218_175854_jpg.rf.A7XfZjgslAy08234GwLq.txt
train,train/labels/20240218_175927_jpg.rf.iwqcwFWt8Xg83JupErr8.txt
train,train/labels/20240218_175950_jpg.rf.f8ZtkRM49I4hnKVYihFt.txt
train,train/labels/20240218_184140_jpg.rf.ltL4nkWbOw7aXoVqH9UD.txt
train,train/labels/20240220_133103_jpg.rf.6DG7doot7ZXSB7Uen46C.txt
train,train/labels/20240220_133113_jpg.rf.BxArjsqJSd9O6D5DLQJV.txt
train,train/labels/20240220_153828_jpg.rf.COZ9VEg7PghRD3nQnMHw.txt
train,train/labels/20240220_154445_jpg.rf.0QoTMWSVIqbQJw3kCNoi.txt
train,train/labels/20240222_161342_jpg.rf.tLVk71vSCJujk1FOQihh.txt
train,train/labels/20240222_163330_jpg.rf.RLLnkX981weboGo1vGMA.txt
train,train/labels/20240222_163746_jpg.rf.cdwSqHs0eActj9JkvnEt.txt
train,train/labels/20240222_163758_jpg.rf.kZQRkdwpkxzLvpNxeRGq.txt
train,train/labels/20240222_164328_jpg.rf.9IqUrjOFbtH9HqjgFMvr.txt
train,train/labels/20240222_164402_jpg.rf.9eGTxPzO59YbF5B7ZpL7.txt
train,train/labels/20240222_164406_jpg.rf.UZmqhH3LewWy8gjS3FJx.txt
train,train/labels/20240222_165337_jpg.rf.Xq1J77G07bXdky0A1BPf.txt
train,train/labels/20240222_165934_jpg.rf.VXQeTceH3dFkHZAsYmF3.txt
train,train/labels/20240222_170720_jpg.rf.ryIJFvynccCQsBjhdLRp.txt
train,train/labels/20240222_171533_jpg.rf.PIci3sg7m5KuOzJ8MOEM.txt
train,train/labels/20240222_171545_jpg.rf.kNqD2i8EyGJp041vScIv.txt
train,train/labels/20240222_171648_jpg.rf.qBA52RVabsKZWDrjTe1Z.txt
train,train/labels/20240222_172132_jpg.rf.EivoEJDPadU45SVb4ydy.txt
train,train/labels/20240222_172158_jpg.rf.mtMvUvqEuZD4GB1rG0Bw.txt
train,train/labels/20240222_172518_jpg.rf.1vbfYNh1aGfEhUmLRlPQ.txt
train,train/labels/20240222_180001_jpg.rf.2WZWjRzPRQ7Y019kawh2.txt
train,train/labels/20240222_190458_jpg.rf.ZtfXTlvdzHiWDKroFBft.txt
train,train/labels/20240225_110354_jpg.rf.afE5JsyawGh9Z5AYFitD.txt
train,train/labels/20240228_105904_jpg.rf.RTQwBffiej6FftXv9KXw.txt
train,train/labels/20240228_122941_jpg.rf.pc47zJc2SW3rMjfTVVwW.txt
train,train/labels/20240228_122954_jpg.rf.jXgT0O4d3xcAyj4PvnKp.txt
train,train/labels/20240228_123147_jpg.rf.1VcT3X3yhPjjAng9iZPt.txt
train,train/labels/20240228_124654_jpg.rf.h62wDZQ6STZQZyAQdY3t.txt
train,train/labels/20240228_160534_jpg.rf.F4rXTPRNGa4mEiD33ejV.txt
train,train/labels/20240228_162326_jpg.rf.oV8ZM5CbDH9qu5AAwsMC.txt
train,train/labels/20240228_162333_jpg.rf.99Y7vqd5fAJaHUGDFesc.txt
train,train/labels/20240228_162344_jpg.rf.9QzRq1wjvfUNXKKxpd4p.txt
train,train/labels/20240228_162445_jpg.rf.zBuzuFoS0IbAZux0nnlB.txt
train,train/labels/20240228_162451_jpg.rf.uTu4NBPMiDswLmwBF6V0.txt
train,train/labels/20240228_162455_jpg.rf.hIBpGZVTVngTFqdHbb1n.txt
train,train/labels/20240228_162511_jpg.rf.6VQJNiDdhPCplxu4qatb.txt
train,train/labels/20240228_162521_jpg.rf.bQkU7hFKu5Xj6FSMA6Nd.txt
train,train/labels/20240228_162531_jpg.rf.ku8y85BdfNpEPmq0DZwA.txt
train,train/labels/20240228_162540_jpg.rf.kDhKad55pr4E9GeJjSue.txt
train,train/labels/20240228_162618_jpg.rf.pODT2WOET8jOrnCNvVoE.txt
train,train/labels/20240228_162622_jpg.rf.e0SEIeB3QijN9B8TbOuz.txt
train,train/labels/20240228_162638_jpg.rf.Q7VhJC3KsOHTnCB12iOh.txt
train,train/labels/20240228_162652_jpg.rf.DlNyJIhZspd8ndazv5G3.txt
train,train/labels/20240228_162711_jpg.rf.mA59rrZPvGLXj9zKPvc0.txt
train,train/labels/20240228_162721_jpg.rf.lbF4BPQV6ziqwrE9w4aL.txt
train,train/labels/20240228_173859_jpg.rf.sZ745t57sFJIxeSWQsic.txt
train,train/labels/20240228_173944_jpg.rf.FtJ5C18TLSZCdTMH22aK.txt
train,train/labels/20240228_173950_jpg.rf.T3K5AGWIWBXplxQAPhuo.txt
train,train/labels/20240228_174016_jpg.rf.sK6AULs099a7nhCQfYcu.txt
train,train/labels/20240228_174022_jpg.rf.7HXwt6v6metoTUAPppDQ.txt
train,train/labels/20240228_174040_jpg.rf.FgxitYhbFR5SzJMIsmHh.txt
train,train/labels/20240229_171035_jpg.rf.z9Vf5Xtxe9NiwG74G6kS.txt
train,train/labels/20240229_171037_jpg.rf.U8VnjIUP0QXUlcmBEjDR.txt
train,train/labels/20240229_171047_jpg.rf.JQ9Fs9H9hdSO0IT5Dykr.txt
train,train/labels/20240301_155824_jpg.rf.DzpZIivEOfHXinIYg50m.txt
train,train/labels/20240301_172809_jpg.rf.LFU40TUxLOMUrccIHMwb.txt
train,train/labels/20240301_173815_jpg.rf.RYUZHnkvA4Nyv2FVXbQ5.txt
train,train/labels/20240301_175253_jpg.rf.xXQCulcQLQ9EEXs7GepN.txt
train,train/labels/20240301_175528_jpg.rf.Q7YQbT4YonA4eW2B1Y9g.txt
train,train/labels/20240301_175858_jpg.rf.0RnqnK2TYxcFlc2H6OSG.txt
train,train/labels/20240301_175908_jpg.rf.ikRb6yqeSxrlHGkMsXed.txt
train,train/labels/20240301_175952_jpg.rf.BoPvWUGENRkx5bintsLU.txt
train,train/labels/20240301_183920_jpg.rf.tPC8qSF0KVO4KMBXjLKZ.txt
train,train/labels/20240306_110237_jpg.rf.gUI80ohVcQYkIRNpaCZx.txt
train,train/labels/20240307_145326_jpg.rf.gsRGU2Xp0j0UCeJUQdL2.txt
train,train/labels/20240307_145423_jpg.rf.L1QSx8lzd49Nmo4UHBxT.txt
train,train/labels/20240307_145602_jpg.rf.yIwLCtKeVpEStgE4ILQQ.txt
train,train/labels/20240307_145617_jpg.rf.p0U1qyaelo93WE46CjoU.txt
train,train/labels/20240307_145711_jpg.rf.25YB8cwLwryTk9yO7M3U.txt
train,train/labels/20240307_145719_jpg.rf.Lbz0xDTSdXvWLfqn7zsy.txt
train,train/labels/20240307_145724_jpg.rf.JDsfQGhQOvPLPfJvZgRu.txt
train,train/labels/20240307_151551_jpg.rf.ixOp45SRV0YzhDJWMJNa.txt
train,train/labels/20240307_151554_jpg.rf.bRDrmsv8br7z10CNCR7N.txt
train,train/labels/20240307_151637_jpg.rf.bThjWmppVlelSoKfZGIZ.txt
train,train/labels/20240307_151718_jpg.rf.wkql4XTGgP9Zr3WBUzck.txt
train,train/labels/20240307_151747_jpg.rf.tmwbu2Ci49trDr8sYdM0.txt
train,train/labels/20240307_151939_jpg.rf.PeRyzokDB9aNubZoHZnI.txt
train,train/labels/20240307_151941_jpg.rf.CTqodLOeb3QrClP1AQ4f.txt
train,train/labels/20240307_152038_jpg.rf.T6UtWLAXCR1zrm6v6Gy2.txt
train,train/labels/20240307_152057_jpg.rf.EKQb4LxcqPyGoQmzeRay.txt
train,train/labels/20240307_152101_jpg.rf.Fg7gwSevdyrflCUBfUYV.txt
train,train/labels/20240307_152104_jpg.rf.HC6i0EkfxlQPcYRRChDS.txt
train,train/labels/20240307_152223_jpg.rf.mx9pH1QtmgCd336VR59l.txt
train,train/labels/20240307_152246_jpg.rf.tenB6GWMbtZk6PpuZfRr.txt
train,train/labels/20240307_152344_jpg.rf.5H91GlO8PF1n5WmxyvAp.txt
train,train/labels/20240307_152351_jpg.rf.29p1UOm48PXENXAw6fbx.txt
train,train/labels/20240307_152412_jpg.rf.AeVpl6kDf8gP08ZByTFC.txt
train,train/labels/20240307_152421_jpg.rf.DvopRa85ZORTHBPlNiO4.txt
train,train/labels/20240307_152449_jpg.rf.o7hCh4YcpIajjXvPHvXt.txt
train,train/labels/20240307_152458_jpg.rf.fiz5QVrdb6pQ6s0dHadE.txt
train,train/labels/20240307_152722_jpg.rf.qy8JrxThUw6v8PT9i0SF.txt
train,train/labels/20240307_152834_jpg.rf.Lptz2jdgvvHerNETk9bX.txt
train,train/labels/20240307_162703_jpg.rf.FhsaA4FB6HbSn6leXnHp.txt
train,train/labels/20240307_172749_jpg.rf.wtcTKgLqSF7GTbCYmA0U.txt
train,train/labels/20240307_172751_jpg.rf.CxSIRTQVwbqvU01rzrmw.txt
train,train/labels/20240307_172752_jpg.rf.S6wvaleQTSkOKBHJOQeC.txt
train,train/labels/20240307_172811_jpg.rf.DY2cfEfmgoJaBb3LrQJl.txt
train,train/labels/20240307_172838_jpg.rf.cnbBO6mhnrTybq95gh6s.txt
train,train/labels/20240307_173747_jpg.rf.NxNFe1UbZqLAb8T81wq8.txt
train,train/labels/20240307_174024_jpg.rf.Vpz41VsFaCe6OemwJL2P.txt
train,train/labels/20240307_174027_jpg.rf.sUv83lzkpjiWIgsjtuJL.txt
train,train/labels/20240307_174620_jpg.rf.lYA3G1ePeaLLWjIqy3XE.txt
train,train/labels/20240307_174633_jpg.rf.zXFolLbFZexFzmDhKDzF.txt
train,train/labels/20240307_174634_jpg.rf.igCagpk1ltt040js9935.txt
train,train/labels/20240307_174747_jpg.rf.Sjiwyz4YC0gn7yMLsUk5.txt
train,train/labels/20240307_174937_jpg.rf.8BHIdE5L00JHIQJRvzqx.txt
train,train/labels/20240307_175652_jpg.rf.FRhKNiftcsPMDZ6eazGu.txt
train,train/labels/20240307_175709_jpg.rf.2YBocQziZTKcpJSWO4ij.txt
train,train/labels/20240307_175714_jpg.rf.82I7z6SwKTTcOb5DncE0.txt
train,train/labels/20240307_175741_jpg.rf.HXx5jQDAUMiHWpY66X0f.txt
train,train/labels/20240307_175807_jpg.rf.WNBQueqEnPFg8sBE4hCI.txt
train,train/labels/20240307_180152_jpg.rf.PnVffshj1v4SIHPUfr4k.txt
train,train/labels/20240307_180156_jpg.rf.1VMjRZ136mRsJoEtacNM.txt
train,train/labels/20240307_180600_jpg.rf.CM3alrtzk1x0I1090bbj.txt
train,train/labels/20240307_193323_jpg.rf.dHseSlZvI3igIZMQVGla.txt
train,train/labels/20240307_193600_jpg.rf.wMR0fDkknKz7xwzItk5g.txt
train,train/labels/20240307_203729_jpg.rf.fqLk9ZXDMq0OmzhlntAs.txt
train,train/labels/20240307_203738_jpg.rf.xVnlyU7m3EyDq5MZ2zvs.txt
train,train/labels/20240307_203749_jpg.rf.2s6qeS2qkWqWwhRu6bHm.txt
train,train/labels/20240307_204437_jpg.rf.nOaOjKg3wIZuEj5nXhUL.txt
train,train/labels/20240307_204444_jpg.rf.2CKbGHKLwxM9rfRIUmhC.txt
train,train/labels/20240307_204519_jpg.rf.kAWXEAz9HKwf0L4YowVe.txt
train,train/labels/20240308_145602_jpg.rf.sKYmYYJ0ogTkQXC19u3N.txt
train,train/labels/20240308_150655_jpg.rf.bOShf7rqjZ5op0Agh1o8.txt
train,train/labels/20240308_162841_jpg.rf.7YVONr95YhSVpv8RfvtQ.txt
train,train/labels/20240308_162843_jpg.rf.PL5tMH8AiUwKkXQ3Rkjh.txt
train,train/labels/20240308_162849_jpg.rf.uuRK9oK6sysb7mVDMRWg.txt
train,train/labels/20240308_163027_jpg.rf.jLA869nFMzbIUwr2UeFb.txt
train,train/labels/20240308_163034_jpg.rf.hgHCDVUFTmmhD2CQiNde.txt
train,train/labels/20240310_154416_jpg.rf.ofjmBiSQ6EJUTDQd2GnN.txt
train,train/labels/20240310_154525_jpg.rf.kwTE629XpLiz713HnbhW.txt
train,train/labels/20240310_154632_jpg.rf.Q6b4N7HIPes65EhsQW7L.txt
train,train/labels/20240310_154640_jpg.rf.IgdYsCTazIn05MmCaq9J.txt
train,train/labels/20240310_154724_jpg.rf.SVvVL0NUffS7CkjOR6Ji.txt
train,train/labels/20240310_154728_jpg.rf.TxqqelpnecCV5bcYtrT1.txt
train,train/labels/20240310_154741_jpg.rf.wvnYXQAyLoD4nLBmrII4.txt
train,train/labels/20240310_154800_jpg.rf.ziN9YvC76ka5IG1ytv3j.txt
train,train/labels/20240310_154832_jpg.rf.9OpkzUJpqApJxEhg3VjL.txt
train,train/labels/20240310_154834_jpg.rf.2dO6PW8e0BoXQjIfIuQc.txt
train,train/labels/20240310_154907_jpg.rf.8gLeQlUMTrUtpI0Wi3OP.txt
train,train/labels/20240310_154914_jpg.rf.1crpgWksGQTN9LZhWKus.txt
train,train/labels/20240310_154928_jpg.rf.iNBRk6oHXCxXWtQJskNy.txt
train,train/labels/20240310_154932_jpg.rf.loMYRiiaN2eqgmyfwBYH.txt
train,train/labels/20240310_171825_jpg.rf.ffi27teDpjNJXZ1FDkiq.txt
train,train/labels/20240310_171849_jpg.rf.ntauxfjehdk9oRrXaJVM.txt
train,train/labels/20240310_211318_jpg.rf.SesJbGIluSVY0RqG7taB.txt
train,train/labels/20240311_142316_jpg.rf.sWihonyPWrIXv79ArSwv.txt
train,train/labels/20240311_144339_jpg.rf.UOu7IhDgHF7wsei6bhJs.txt
train,train/labels/20240311_144347_jpg.rf.ZDdiulnTCDWptTbW1qFD.txt
train,train/labels/20240311_144507_jpg.rf.peW0VoPCd0A63jFOFlzU.txt
train,train/labels/20240311_144545_jpg.rf.4zX7B6FX2gADlQ7YrIJS.txt
train,train/labels/20240311_144625_jpg.rf.zjPOOJ60MZ9uPfr6oFrY.txt
train,train/labels/20240311_144627_jpg.rf.co3pU7yVmPIzqtvNvuxL.txt
train,train/labels/20240311_144719_jpg.rf.f2I8EaP9TcFuaStnCnK7.txt
train,train/labels/20240311_144812_jpg.rf.QoVOxdJpYNTugdirGi2H.txt
train,train/labels/20240311_174133_jpg.rf.yBGdshxo1jzHWI5TSIHE.txt
train,train/labels/20240311_174135_jpg.rf.Uz8Cx1kBniPTWn4LWRL8.txt
train,train/labels/20240311_174137_jpg.rf.Fnx1I7nPlA3J5sq0xlLC.txt
train,train/labels/20240324_131031_jpg.rf.0vR8UzGc7XOT55oPNdub.txt
train,train/labels/20240402_170120_jpg.rf.gsIQbX54Q3g5ab2hx5QB.txt
train,train/labels/20240408_165750_jpg.rf.qNpC2wGnnoUkGWfgsq3X.txt
train,train/labels/24_jpg.rf.ihyuL9LezckxzIeoylYI.txt
train,train/labels/2648_png.rf.FJQBS7tFKF5YZvPEQFBC.txt
train,train/labels/28_jpg.rf.rEsqQBZKsPCXq2v9Wtii.txt
train,train/labels/290878328_1080320352870378_1940263996083502457_n_jpg.rf.lmTJ3wbLoXnGTWwAD2rW.txt
train,train/labels/2_jpg.rf.kdJmgBYxGD8yp0voNV19.txt
train,train/labels/3188_png.rf.jAzllR0RoYb8hUH9gsbL.txt
train,train/labels/31_jpg.rf.SkLkelTn4LwDmvFUld2g.txt
train,train/labels/3265_png.rf.xVLSueSbF9eddOoeqjfG.txt
train,train/labels/32_jpg.rf.P89mskuSwufJruJzq4rP.txt
train,train/labels/34_jpg.rf.tWiZPPoyW7NuoJqiD4WF.txt
train,train/labels/3643_png.rf.Bzjm9pJRcYGpKOacQofE.txt
train,train/labels/37_jpg.rf.GP2NK70N7BhZoV4S1bCH.txt
train,train/labels/39_jpg.rf.o9Pc2jHo1szURyeCXaFv.txt
train,train/labels/3_jpg.rf.cCSgKkCvmygElyvZtIIm.txt
train,train/labels/4-Figure12-1_png.rf.nYyTrmG45sirmzCeqfKB.txt
train,train/labels/4426_png.rf.2952tWvpIi0l4zD1OVps.txt
train,train/labels/4628_png.rf.945rYN1nhVkAdPCKfkjP.txt
train,train/labels/4697_png.rf.jxXwfTkLCaApHvDvQS5i.txt
train,train/labels/4750_png.rf.eKaxw0Tp7g9oPqcs1nSm.txt
train,train/labels/4778_png.rf.aNEY8KYOHtaozTdIJeYh.txt
train,train/labels/47_jpg.rf.rFbOpOPBgxxqtzCGYxC7.txt
train,train/labels/4838_png.rf.bqw3FEJvRLTZFgSfhSwG.txt
train,train/labels/48_jpg.rf.ge6qJpytnQkulcp63UZX.txt
train,train/labels/49_jpg.rf.4vxC5JremmItZQRgzYBG.txt
train,train/labels/4_jpg.rf.ajgU6y8N1IRRYh6QPelN.txt
train,train/labels/5236_png.rf.FDEimJrzri6S2ucmzmh4.txt
train,train/labels/5348_png.rf.QsmjonXG30O5MhFsK3Zv.txt
train,train/labels/5498_png.rf.97TiQpqxDJOkst4fCiIY.txt
train,train/labels/5588_png.rf.una4AND4Ss0CY2iGyPTT.txt
train,train/labels/55_jpg.rf.WZ7k1f4nSWjvxVYRjQDS.txt
train,train/labels/5777_png.rf.UGMxZtCzVyay7KZOB8TD.txt
train,train/labels/57_jpg.rf.sPGE83wkURoOScHBeZae.txt
train,train/labels/5830_png.rf.EMycZfY9N6SJzE1RjvLx.txt
train,train/labels/5858_png.rf.LWWGIF8lclKxDLBL7tWq.txt
train,train/labels/6235_png.rf.QyA65VklZvPNcwprsguj.txt
train,train/labels/6343_png.rf.uYAeWlgLkuwR139S52WG.txt
train,train/labels/63_jpg.rf.Bo4X8mlnzeR3RcxN5Ppb.txt
train,train/labels/64_jpg.rf.UwAUDQKxaz5sURP9qHDx.txt
train,train/labels/6548_png.rf.lctGKAitCmAW0JEIKUf6.txt
train,train/labels/6587_png.rf.B8tGp1virYf43Bn3X8jq.txt
train,train/labels/65_jpg.rf.SFlWLXrDQqyTA92aZ6kr.txt
train,train/labels/66_jpg.rf.UiPcpsKvE825Nz9vpN0e.txt
train,train/labels/6749_png.rf.P7rdN9oonKCS9SLdQkLW.txt
train,train/labels/67_jpg.rf.HMLnlzU03GUQ38bnwGow.txt
train,train/labels/6802_png.rf.H1lQOTcKgvrkUHUZHFGw.txt
train,train/labels/6968_png.rf.lq9bbdvHkEmhaWSSwjse.txt
train,train/labels/69_jpg.rf.paFdQmCuNnvin1rCKs0z.txt
train,train/labels/7018_png.rf.4kNemwfkYobW4Z4Y41wn.txt
train,train/labels/7072_png.rf.h3J4iU6892MENfX1m3G5.txt
train,train/labels/7126_png.rf.vZeWZVG1qraSX7ZEm3bG.txt
train,train/labels/7261_png.rf.Dcg3UysKCBrtkrJYj547.txt
train,train/labels/72_jpg.rf.IfJLFRqgay1xSFu3D2eW.txt
train,train/labels/7397_png.rf.sCzRa0qmHpRYKyTEYOfv.txt
train,train/labels/7423_png.rf.TGsyNkhQq9p6M74FLZYx.txt
train,train/labels/74_jpg.rf.Qgp3JWSm0NFd8uVj9N8t.txt
train,train/labels/8078_png.rf.MY9HF8R8UKdbfb43ZNfc.txt
train,train/labels/80_jpg.rf.iwN4JJweSdkrpdvegqTu.txt
train,train/labels/81_jpg.rf.anxnuWhKqdbA56NJPi2M.txt
train,train/labels/82_jpg.rf.lJezFDlbi2AK99pwnYdI.txt
train,train/labels/8314_png.rf.7YqPudEnrCsCn1cy1Hf2.txt
train,train/labels/8369_png.rf.sMicZ0JxhckBDDY9l5mo.txt
train,train/labels/8396_png.rf.HQ0kAnitDsu8sukamchl.txt
train,train/labels/8585_png.rf.npzDDWlBBoFQugtObSz9.txt
train,train/labels/8611_png.rf.b7XvYGEgdoCTrFWUNSdS.txt
train,train/labels/86_jpg.rf.Vdf0zhuECBUHuC3kuery.txt
train,train/labels/88_jpg.rf.1j2ONZDsfZBoMAlHjPxF.txt
train,train/labels/8_jpg.rf.rR316jaVIkowxuvRN1y2.txt
train,train/labels/9008_png.rf.hxUwtRajX6gTQwcCaYJg.txt
train,train/labels/9043_png.rf.XPyupFlED7BsJdVCy5NK.txt
train,train/labels/9287_png.rf.CGcJwZETuM49Bud0Ycte.txt
train,train/labels/9395_png.rf.9sNCV43YYoA95Vk8ClkK.txt
train,train/labels/94_jpg.rf.cbxnAo01kYjt6CzbRSHf.txt
train,train/labels/9502_png.rf.k9XSDiv5OaBpPdXxK9MT.txt
train,train/labels/95_jpg.rf.RUrwj5bUM1CZKFoH92KN.txt
train,train/labels/9773_png.rf.Ql394ff729LEqOujIJnS.txt
train,train/labels/97_jpg.rf.q8MQZHJglbaiYRcneBgT.txt
train,train/labels/9827_png.rf.lYFYR7Kv4NSJJDjIj20l.txt
train,train/labels/9881_png.rf.2vR8H2iNIduqntySGOBy.txt
train,train/labels/98894498ef4c4cf173f53915ff5f83ee_jpg.rf.9jRvu7eGSt0s2ogrnGMS.txt
train,train/labels/9908_png.rf.0PP4qCrxZIbepZxkbTGa.txt
train,train/labels/999_png.rf.O8Hdb3joGZfs3vos6fAk.txt
train,train/labels/car-1001_jpg.rf.0UrfDlzgsUxWbxLe6Xbx.txt
train,train/labels/car-1003_jpg.rf.mVlwAsD8cb44rBeJPd3p.txt
train,train/labels/car-1011_jpg.rf.dtxStZ85lOUU7qAxIEPC.txt
train,train/labels/car-1015_jpg.rf.9elbEAbFeFrUnCB7ZkTT.txt
train,train/labels/car-1017_jpg.rf.QciXWv8QMa6UqKrD3Xcu.txt
train,train/labels/car-1019_jpg.rf.mjUkk1g12gPsFLEbl2DC.txt
train,train/labels/car-1030_jpg.rf.qB8GloyY33klB9aiCvFZ.txt
train,train/labels/car-1041_jpg.rf.W5Ixl37iD1V6FJ7s6grK.txt
train,train/labels/car-1045_jpg.rf.8s2hvzHDd4XIMkjEmTSB.txt
train,train/labels/car-1050_jpg.rf.UdFEvC34Lzgz4A7gWIOg.txt
train,train/labels/car-1052_jpg.rf.9TEOFjRyL9QCOBwb8kZV.txt
train,train/labels/car-1062_jpg.rf.1KVpzDjU84SLRxl1ZYxg.txt
train,train/labels/car-1067_jpg.rf.maiyZCYWIu5gUiyy0PaD.txt
train,train/labels/car-1072_jpg.rf.8yZ6dbLvVcxDLPtqUOnS.txt
train,train/labels/car-1084_jpg.rf.ISzgDm0C5nw0Rm6tpQIi.txt
train,train/labels/car-1086_jpg.rf.YMP6VTxYa6cJBIbQmKM8.txt
train,train/labels/car-1087_jpg.rf.6TOjvPifp4o6KtERBeY9.txt
train,train/labels/car-1089_jpg.rf.TDI53T1pp1m1wjj2s3Kr.txt
train,train/labels/car-1095_jpg.rf.s1Tk7ZOx3YVDNDv6dwxD.txt
train,train/labels/car-1098_jpg.rf.ombLj626nOyZMTlJ02o0.txt
train,train/labels/car-2003_jpg.rf.OREuXfbaMvvWcC0ShLHs.txt
train,train/labels/car-2007_jpg.rf.WOnubSQG3jaYykrNRGPM.txt
train,train/labels/car-2008_jpg.rf.P09GIzkESFVCxDlKGfZ8.txt
train,train/labels/car-2024_jpg.rf.RO3aKLyY25F2BXT5ID99.txt
train,train/labels/car-2031_jpg.rf.VCf4fNFM6AoMVkI7OPpG.txt
train,train/labels/car-2038_jpg.rf.K7melmvIXegj2QqdWmTg.txt
train,train/labels/car-2041_jpg.rf.9PHwrFLU3lpHAHkF0rIA.txt
train,train/labels/car-2047_jpg.rf.AedAPjHIwjQyok3LgAfY.txt
train,train/labels/car-2052_jpg.rf.NCohcauPBQo0xrF8WNkq.txt
train,train/labels/car-2061_jpg.rf.fBvl8bgqfPaM5Vs8ToEg.txt
train,train/labels/car-2064_jpg.rf.ndExS962hSN6KNfkWvsd.txt
train,train/labels/car-2066_jpg.rf.stZxvDWRpjXeNdr7VYyj.txt
train,train/labels/car-2077_jpg.rf.rJoeUASJSXqUJNyfU0zx.txt
train,train/labels/Dipto_-188_jpg.rf.ECJse0ZNSL4kW3Blu9A3.txt
train,train/labels/Dipto_381_jpg.rf.vL0djRjRTPRabpFPFYNh.txt
train,train/labels/download (2)_jpg.rf.LchE8i6yqhV8qpDqG4Nm.txt
train,train/labels/FB_IMG_1709363677484_jpg.rf.L61JqPxQk0DhPZ68vjng.txt
train,train/labels/FB_IMG_1709363918805_jpg.rf.Pv7N7u0VF0ZcuZVzfywN.txt
train,train/labels/FB_IMG_1709363966698_jpg.rf.WJv0ONiGRrUXbE8wPiX7.txt
train,train/labels/FB_IMG_1709365254848_jpg.rf.YT5i4f46nZL4OLIdWEsU.txt
train,train/labels/FB_IMG_1709378929010_jpg.rf.v4Dav3Rm7b2jH7LKqMR6.txt
train,train/labels/FB_IMG_1709450678166_jpg.rf.mHXKdTGeaqejauARefIM.txt
train,train/labels/FB_IMG_1711925308036_jpg.rf.QsENfcacwZgaTNm2Mk8d.txt
train,train/labels/FB_IMG_1712036755017_jpg.rf.95nA6VScKXZTMu24iyeB.txt
train,train/labels/FB_IMG_1712045986045_jpg.rf.AlGie56SOiJCadfyyrUF.txt
train,train/labels/FB_IMG_1712083850082_jpg.rf.AbEUiMbxrofIHZ6sgCVY.txt
train,train/labels/FB_IMG_1712107331392_jpg.rf.ZwdrAkyrkJ1RGnz0rZog.txt
train,train/labels/FB_IMG_1712217618777_jpg.rf.gp6VuAlX2ctib5ov8GRS.txt
train,train/labels/FB_IMG_1712268812932_jpg.rf.W4PO413WpKncO5m0l921.txt
train,train/labels/FB_IMG_1712460913475_jpg.rf.H4ov3hHE4x0vFGXF7IcU.txt
train,train/labels/FB_IMG_1712461215256_jpg.rf.dshnmXNBECXRXciH3Pvp.txt
train,train/labels/FB_IMG_1712461317202_jpg.rf.Rbvx9WlddsOghqJTALJP.txt
train,train/labels/FB_IMG_1712461341457_jpg.rf.oBRR2WGj7SDyRXeFNKGD.txt
train,train/labels/FB_IMG_1712558277620_jpg.rf.LBI3WJ955u08SsXrZ1vN.txt
train,train/labels/FB_IMG_1712614008162_jpg.rf.N6IViksZp0YzG04g6I4d.txt
train,train/labels/FB_IMG_1712666515660_jpg.rf.mS5Qr2lfL33FIc6F70wp.txt
train,train/labels/FB_IMG_1712690798444_jpg.rf.zt4dhImAXnfn4H4i09Ef.txt
train,train/labels/FB_IMG_1713005645702_jpg.rf.sfn4HJjsLZU91vme5fjQ.txt
train,train/labels/FB_IMG_1713035188221_jpg.rf.15jZGQu0L9Eiv3j7P6Ls.txt
train,train/labels/FB_IMG_1713036072081_jpg.rf.oYuHXBU2ZSfM6OLqqlxc.txt
train,train/labels/FB_IMG_1713342594060_jpg.rf.5tGxCnXeOFExEjT3fYsw.txt
train,train/labels/FB_IMG_1713350171714_jpg.rf.ooI2mmZDyuspcMT78gWU.txt
train,train/labels/FB_IMG_1713446882980_jpg.rf.OSE1EjpeJ9afoZJW1FBi.txt
train,train/labels/FB_IMG_1713460553190_jpg.rf.EWgPz5K8CaPI9vtf6lKW.txt
train,train/labels/FB_IMG_1713641479132_jpg.rf.NVCjp0LVfhTrwUT0nnVE.txt
train,train/labels/FB_IMG_1713689881200_jpg.rf.ZmEAGO4jBHOOGpdtBV12.txt
train,train/labels/FB_IMG_1713769015174_jpg.rf.ScyoJRSQXF5GjHoCpQnZ.txt
train,train/labels/FB_IMG_1714022445562_jpg.rf.CQ8KDHZEo9j27jIhJJDR.txt
train,train/labels/frames1087_png.rf.kKfAKywp3Lpw9RCGWEup.txt
train,train/labels/frames3694_png.rf.N4KjIrtOixOIMmrtlNyw.txt
train,train/labels/frames3748_png.rf.RYjQPgH1CZMTOcYfnxO7.txt
train,train/labels/frames4188_png.rf.xbWNpBZC5Q6pXJDqJIYN.txt
train,train/labels/frames5074_png.rf.kWIRH08tLz0ZAopa4FHH.txt
train,train/labels/frames5304_png.rf.21oiwZI1jDuwx4NBd25O.txt
train,train/labels/frames5841_png.rf.mNtHj8pLHxEPVJwk8bBs.txt
train,train/labels/frames5905_png.rf.FONzLmukDz6aKMwHDNnZ.txt
train,train/labels/frames5937_png.rf.D5HFM0jzBorTSmInP077.txt
train,train/labels/frames6162_png.rf.4kvXyIgBLKoNgOgwyX1u.txt
train,train/labels/frames6705_png.rf.7ItNwOBD0DRkrpESmdMP.txt
train,train/labels/frames6707_png.rf.1UhtWR0MMna6E0yOj5yc.txt
train,train/labels/frames6994_png.rf.bST1Oyw3u9Ku70BfVKbE.txt
train,train/labels/frames7226_png.rf.ybTn6iag3MTkUZDOoiKl.txt
train,train/labels/frames7379_png.rf.T10MoZtUbKKne1DqlNoy.txt
train,train/labels/IMG-10_jpg.rf.QQXBIu5ucGJqmqfCbeNb.txt
train,train/labels/IMG-12_jpg.rf.RuMeWVvK0HXEEnTGt0P8.txt
train,train/labels/IMG-1_jpg.rf.S2tSUtyK8EEFWSW7kW7x.txt
train,train/labels/IMG-20240214-WA0007_jpg.rf.xSKKTgYZ9tiCW8E8AtVs.txt
train,train/labels/IMG-20240214-WA0025_jpg.rf.CHfvJWENwhSr04OePTAD.txt
train,train/labels/IMG-20240214-WA0028_jpg.rf.40MsTbxaIN03YtPh6U2I.txt
train,train/labels/IMG-20240214-WA0033_jpg.rf.cBrR10O5RIxC1t62A3B8.txt
train,train/labels/IMG-20240214-WA0038_jpg.rf.jbrrW9Y6QSc45xpzgzvd.txt
train,train/labels/IMG-20240214-WA0039_jpg.rf.SZEmvUsJ2NBb81TUf6wL.txt
train,train/labels/IMG-20240214-WA0040_jpg.rf.tROWONkaBO9DaZei1bBt.txt
train,train/labels/IMG-20240214-WA0043_jpg.rf.OwqmJC1ZCouHizKZzjRx.txt
train,train/labels/IMG-20240214-WA0045_jpg.rf.VgMCsv8KWDyNUyJNHWji.txt
train,train/labels/IMG-20240214-WA0051_jpg.rf.41H942fG6E7Jq8IbuCRv.txt
train,train/labels/IMG-20240214-WA0052_jpg.rf.q6LrEBo9X2UpYKwrMfe4.txt
train,train/labels/IMG-20240214-WA0054_jpg.rf.FggtRpZKkBqfpob9OHC9.txt
train,train/labels/IMG-20240214-WA0057_jpg.rf.yLmanp2QxIjjZvejIQQA.txt
train,train/labels/IMG-20240214-WA0060_jpg.rf.zQpIxsflE06FTl8fhVPG.txt
train,train/labels/IMG-20240214-WA0062_jpg.rf.zqLJt5Ny2vDNvlB0tAIl.txt
train,train/labels/IMG-20240214-WA0065_jpg.rf.s1G9d9sjB5T3d3MxiqVg.txt
train,train/labels/IMG-20240214-WA0066_jpg.rf.zaZjtQHHqjBeqYWv2Vtk.txt
train,train/labels/IMG-20240214-WA0067_jpg.rf.f5W66rnDNNGrehFmCzd0.txt
train,train/labels/IMG-20240214-WA0072_jpg.rf.QvPer0TOmw9ckosqFhaI.txt
train,train/labels/IMG-20240214-WA0073_jpg.rf.oH71wXzVwexGRVGSNVU0.txt
train,train/labels/IMG-20240214-WA0075_jpg.rf.hyl2zoX9bDi2s6cSBoFW.txt
train,train/labels/IMG-20240215-WA0001_jpg.rf.k1Rc5YuCeAd68tpFnOFR.txt
train,train/labels/IMG-20240215-WA0004_jpg.rf.zal3Nmzl48rVHf7i65bO.txt
train,train/labels/IMG-20240215-WA0007_jpg.rf.m5xlCut3pP3gP7dBUyLy.txt
train,train/labels/IMG-20240215-WA0013_jpg.rf.JAFoHDahQwLIN1l4sJaP.txt
train,train/labels/IMG-20240215-WA0014_jpg.rf.lIuhE1gqSUNWcueHMNm0.txt
train,train/labels/IMG-20240215-WA0020_jpg.rf.QyVowfBiibcscRecPR9K.txt
train,train/labels/IMG-20240215-WA0025_jpg.rf.RxBS9tWjzz5LKRHFM0Ic.txt
train,train/labels/IMG-20240215-WA0027_jpg.rf.151jCtkhCPoigYsReAY7.txt
train,train/labels/IMG-20240215-WA0033_jpg.rf.gZYHtejp7dxf9GF5nAIL.txt
train,train/labels/IMG-20240215-WA0034_jpg.rf.tLzuFT4LbCxf21SUCExi.txt
train,train/labels/IMG-20240215-WA0037_jpg.rf.iQhPll7SbL0PmplXBwSR.txt
train,train/labels/IMG-20240215-WA0040_jpg.rf.DkgtBMe0bVnv5t6Cjx4F.txt
train,train/labels/IMG-20240215-WA0043_jpg.rf.yyn26TOIRWdxzntYK6Z2.txt
train,train/labels/IMG-20240215-WA0044_jpg.rf.hMF8Ms67ZFNVeaqJvkwm.txt
train,train/labels/IMG-20240215-WA0047_jpg.rf.lvOjWKlrVLTkVgPkTNo0.txt
train,train/labels/IMG-20240215-WA0048_jpg.rf.NMMAabElEjFsrs5yVaSX.txt
train,train/labels/IMG-20240215-WA0049_jpg.rf.cuXqiY3UQUMGVGjzs9vn.txt
train,train/labels/IMG-20240215-WA0051_jpg.rf.hIFRJjSBefOVsD284U1C.txt
train,train/labels/IMG-20240215-WA0055_jpg.rf.MNA98UFmtEg3XBXJyh2Z.txt
train,train/labels/IMG-20240215-WA0056_jpg.rf.rYXLB2IKuNR6rsCCMLxC.txt
train,train/labels/IMG-20240215-WA0057_jpg.rf.jd3nWFhBBBYm9AcR944Z.txt
train,train/labels/IMG-20240215-WA0058_jpg.rf.RIRErdMSvFPfzs1J50LD.txt
train,train/labels/IMG-20240215-WA0063_jpg.rf.pQRpwbvbOft4zOzkGRrP.txt
train,train/labels/IMG-20240215-WA0065_jpg.rf.zFijHOO9LYL4QzCh6EFA.txt
train,train/labels/IMG-20240215-WA0069_jpg.rf.1lBUuATrBrrfnd3sw2vX.txt
train,train/labels/IMG-20240215-WA0073_jpg.rf.P6LpnpezTflItE6SIBuW.txt
train,train/labels/IMG-20240215-WA0076_jpg.rf.2auSdNIHL1FPsg05UlQF.txt
train,train/labels/IMG-20240215-WA0077_jpg.rf.8oHxeHZcSWAbWtEHi95M.txt
train,train/labels/IMG-20240215-WA0086_jpg.rf.BkCCRXPFiC3biUtSKHlE.txt
train,train/labels/IMG-20240215-WA0089_jpg.rf.7cEo6HmhsueVEWOsgP3O.txt
train,train/labels/IMG-20240215-WA0098_jpg.rf.zZ4PThTAHtqriakYzEHN.txt
train,train/labels/IMG-20240215-WA0110_jpg.rf.Fwq88Hib2jw5JnesKOar.txt
train,train/labels/IMG-20240215-WA0117_jpg.rf.8EabJcXMjunzdoT2qosM.txt
train,train/labels/IMG-20240215-WA0119_jpg.rf.SCw0AtPvaGb5MjmaaO89.txt
train,train/labels/IMG-20240215-WA0120_jpg.rf.WBDBL8nyjwcV5FVeiDof.txt
train,train/labels/IMG-20240215-WA0127_jpg.rf.EsAsc6KmQvaUbZeZtDWJ.txt
train,train/labels/IMG-20240215-WA0128_jpg.rf.QDvjtioxBv7MG0FFa6x1.txt
train,train/labels/IMG-20240215-WA0129_jpg.rf.LzJRGR3fhBFZAuu8b42a.txt
train,train/labels/IMG-20240215-WA0131_jpg.rf.WuA2TvHqtHRdsNa8rqUO.txt
train,train/labels/IMG-20240216-WA0003_jpg.rf.Wylvv7fsYg8tWh8ksMyy.txt
train,train/labels/IMG-20240216-WA0009_jpg.rf.iK0fYchc42rgeeW5Q8a9.txt
train,train/labels/IMG-20240216-WA0010_jpg.rf.n9YXemVPkezb8vrcm2Tj.txt
train,train/labels/IMG-20240216-WA0011_jpg.rf.UzZ1xhDZmBmWUIPUYWgC.txt
train,train/labels/IMG-20240216-WA0013_jpg.rf.Dr2bqkA0zPfdMHDsk7ZY.txt
train,train/labels/IMG-20240216-WA0019_jpg.rf.ol8zNltfE8OU0iVO9d7e.txt
train,train/labels/IMG-20240216-WA0023_jpg.rf.MlHO0vSFJvHCexincJsD.txt
train,train/labels/IMG-20240216-WA0025_jpg.rf.jPHNgZw1SxEQpqgMJiee.txt
train,train/labels/IMG-20240216-WA0027_jpg.rf.6vWvIBJroQWALcDa8ylY.txt
train,train/labels/IMG-20240216-WA0031_jpg.rf.gik1xscJjzzW0uoh4hWq.txt
train,train/labels/IMG-20240216-WA0035_jpg.rf.LBj1rIB6zPcXMDxHHMHU.txt
train,train/labels/IMG-20240216-WA0036_jpg.rf.2L84O2m6WDnilKLam1qQ.txt
train,train/labels/IMG-20240216-WA0039_jpg.rf.xYr1vhnGijoLlaVZR3Cr.txt
train,train/labels/IMG-20240216-WA0052_jpg.rf.p74F6B7ZpKjX66KWdQC4.txt
train,train/labels/IMG-20240216-WA0057_jpg.rf.ipp7U8FmOcD16NcOm5TC.txt
train,train/labels/IMG-20240216-WA0062_jpg.rf.yo7sNrtaHqlNK37Mc5Lt.txt
train,train/labels/IMG-20240216-WA0065_jpg.rf.iEmJpnyeIFNEv2ToGeID.txt
train,train/labels/IMG-20240216-WA0066_jpg.rf.hsqOjHt4QRAlcQQPnM0h.txt
train,train/labels/IMG-20240216-WA0071_jpg.rf.oLc7NaRoG3FyXDIE4kZe.txt
train,train/labels/IMG-20240216-WA0074_jpg.rf.XZJsR3egutnHAC3eaD46.txt
train,train/labels/IMG-20240216-WA0075_jpg.rf.XoPwVqp9EBcNTc6q3XxY.txt
train,train/labels/IMG-20240216-WA0077_jpg.rf.Twv6Ef3PjILjlINx1QlT.txt
train,train/labels/IMG-20240216-WA0079_jpg.rf.AcyHG3pVdG5afchgekAt.txt
train,train/labels/IMG-20240216-WA0090_jpg.rf.RkepQVKvAixyb8GQVTuH.txt
train,train/labels/IMG-20240216-WA0093_jpg.rf.6PuipXrQNeVge1SlnmtE.txt
train,train/labels/IMG-20240216-WA0094_jpg.rf.Orsn0Ef1d2HK4QcZEP9L.txt
train,train/labels/IMG-20240216-WA0098_jpg.rf.maNsWABNvYPMPwbJYPKk.txt
train,train/labels/IMG-20240216-WA0099_jpg.rf.VrsEadZC0vcZvO4XnvjK.txt
train,train/labels/IMG-20240216-WA0102_jpg.rf.CiHjq1Lv6FH11BpCnq31.txt
train,train/labels/IMG-20240216-WA0110_jpg.rf.QrRXbSQg8Jntaf1XOcaB.txt
train,train/labels/IMG-20240216-WA0112_jpg.rf.9FEREaPVs55oQRk6dNiK.txt
train,train/labels/IMG-20240216-WA0117_jpg.rf.IQBzgePNU0hsZgI3pVkp.txt
train,train/labels/IMG-20240216-WA0122_jpg.rf.V0SQpHpLWjsDTporsG7c.txt
train,train/labels/IMG-20240216-WA0125_jpg.rf.lUANsmodigeE2qjmE9bm.txt
train,train/labels/IMG-20240216-WA0126_jpg.rf.opMkwUk2DNENO9OuSIKT.txt
train,train/labels/IMG-20240216-WA0127_jpg.rf.9ZfJgOhuocxHzrHDhVyG.txt
train,train/labels/IMG-20240216-WA0128_jpg.rf.PPoIeSyXckv2HlSGHyXF.txt
train,train/labels/IMG-20240216-WA0130_jpg.rf.BsokqvI6OhdFi2jjBixi.txt
train,train/labels/IMG-20240216-WA0131_jpg.rf.RhpId6j6vOjsbLewctrR.txt
train,train/labels/IMG-20240218-WA0001_jpg.rf.lqMLZOFCWgNoiZY4u2GS.txt
train,train/labels/IMG-20240218-WA0004_jpg.rf.iDi0BPfEDaqcjMe5jL9w.txt
train,train/labels/IMG-20240218-WA0005_jpg.rf.26SW6zZzNQ12wiGNhcxI.txt
train,train/labels/IMG-20240218-WA0006_jpg.rf.gLPbAL7YsnLnfVc7oJdw.txt
train,train/labels/IMG-20240218-WA0012_jpg.rf.xSe7QCh6FQ6ODuOv7bUz.txt
train,train/labels/IMG-20240218-WA0016_jpg.rf.kLt0PFRtVt6UpMg6ilPR.txt
train,train/labels/IMG-20240218-WA0017_jpg.rf.VHwXSb8kjZXs9ce6A7oJ.txt
train,train/labels/IMG-20240218-WA0029_jpg.rf.refV744cBq4SXZawKFJd.txt
train,train/labels/IMG-20240218-WA0031_jpg.rf.PIpWAqmKF7lrZnl2xKNS.txt
train,train/labels/IMG-20240218-WA0032_jpg.rf.c9qj6NDplzSPRvfovKQ6.txt
train,train/labels/IMG-20240218-WA0033_jpg.rf.TC9Je1F8lnPigFCsdIFT.txt
train,train/labels/IMG-20240218-WA0034_jpg.rf.qT04h7touINS3xN4XSBn.txt
train,train/labels/IMG-20240218-WA0035_jpg.rf.xr1jZUnAM0CP4cAPi3Oq.txt
train,train/labels/IMG-20240218-WA0042_jpg.rf.QzjonRUYQOs6sooadSbJ.txt
train,train/labels/IMG-20240218-WA0043_jpg.rf.NruqNALtjWkjLRfGcYzk.txt
train,train/labels/IMG-20240218-WA0045_jpg.rf.RoocIVrThpZFlFvwSUiG.txt
train,train/labels/IMG-20240218-WA0051_jpg.rf.yjpBpOoY1CkrOSJD653c.txt
train,train/labels/IMG-20240218-WA0052_jpg.rf.nUlimps80W77MCEaA7DV.txt
train,train/labels/IMG-20240218-WA0055_jpg.rf.TcVnvCdnqBlCoa8rl8XG.txt
train,train/labels/IMG-20240218-WA0056_jpg.rf.34R9kaXuDQZc7YpOL7RG.txt
train,train/labels/IMG-20240218-WA0057_jpg.rf.kFXMAUHs4MEu5AJW6yto.txt
train,train/labels/IMG-20240218-WA0072_jpg.rf.BYvR9lRreBHFeQtsehPK.txt
train,train/labels/IMG-20240218-WA0091_jpg.rf.Nx2sANLMOQeNk8K9lr7o.txt
train,train/labels/IMG-20240218-WA0097_jpg.rf.7FadreK2Ln4deTOmguWP.txt
train,train/labels/IMG-20240218-WA0104_jpg.rf.FHbNmaTbBxnFwmjSsvh3.txt
train,train/labels/IMG-20240218-WA0105_jpg.rf.gebyVfNV1fEVI4baoaBv.txt
train,train/labels/IMG-20240218-WA0106_jpg.rf.la7uGbgMvKYCRxbGsPaX.txt
train,train/labels/IMG-20240218-WA0109_jpg.rf.ojIpljKiCinPBtvIGg3Q.txt
train,train/labels/IMG-20240218-WA0116_jpg.rf.FSSAzny8SD7nW04ev32K.txt
train,train/labels/IMG-20240218-WA0118_jpg.rf.qwfalTwCzhVx8GtNJaai.txt
train,train/labels/IMG-20240218-WA0120_jpg.rf.oEtY4LyCODqD3F1mjPqK.txt
train,train/labels/IMG-20240218-WA0121_jpg.rf.jIZPgr19rjD426IuX7gI.txt
train,train/labels/IMG-20240218-WA0124_jpg.rf.H4LmkKNtId4QdRJFqn9O.txt
train,train/labels/IMG-20240218-WA0129_jpg.rf.5yMxUdzasLriwrGVS2nW.txt
train,train/labels/IMG-20240218-WA0134_jpg.rf.QVwG89nhSHL9jkeJo2AI.txt
train,train/labels/IMG-20240218-WA0135_jpg.rf.NfbDvdk2uJ4rx8y5aXcu.txt
train,train/labels/IMG-20240218-WA0136_jpg.rf.LuAaSbN9P0WhmbuMJjRV.txt
train,train/labels/IMG-20240218-WA0142_jpg.rf.jbsfr32vqxD6Fq2N1jGi.txt
train,train/labels/IMG-20240218-WA0143_jpg.rf.UJD5KnZsSvq3NmOGvMm2.txt
train,train/labels/IMG-20240218-WA0144_jpg.rf.yZC70NCHckKSZm4oAVDe.txt
train,train/labels/IMG-20240218-WA0148_jpg.rf.v0NQUvfu7kA0imkumZsQ.txt
train,train/labels/IMG-20240218-WA0150_jpg.rf.CxfsYKDjeSwS8CKgw4Jo.txt
train,train/labels/IMG-20240218-WA0152_jpg.rf.8pm8xGo5QKc8cCID5XQp.txt
train,train/labels/IMG-20240218-WA0157_jpg.rf.EbYOFo0R3AQuDqa6YWyL.txt
train,train/labels/IMG-20240218-WA0158_jpg.rf.4n6rEiutj4ePwSJw6xks.txt
train,train/labels/IMG-20240218-WA0160_jpg.rf.gtn6SjwMdu80FFCViLZq.txt
train,train/labels/IMG-20240218-WA0162_jpg.rf.QC6yQI8CWcjQ5X6a258B.txt
train,train/labels/IMG-20240218-WA0164_jpg.rf.X1A1W6DDLPYXCJUpP2Cb.txt
train,train/labels/IMG-20240218-WA0166_jpg.rf.95j0AzYKqLPPOb5kpfFp.txt
train,train/labels/IMG-20240218-WA0167_jpg.rf.zxLWVvEXs09zxdoXO2qg.txt
train,train/labels/IMG-20240218-WA0168_jpg.rf.06lCU07AAwp1pPhC3u9R.txt
train,train/labels/IMG-20240218-WA0170_jpg.rf.kuONw7D6ip5Dy9kn6lJs.txt
train,train/labels/IMG-20240218-WA0173_jpg.rf.OhYkJCwVpHxcyIiHOV0p.txt
train,train/labels/IMG-20240218-WA0177_jpg.rf.cNCjaH2q7LOSMQDpaLfy.txt
train,train/labels/IMG-20240218-WA0182_jpg.rf.QbCtNN2guZjggsvoVT3b.txt
train,train/labels/IMG-20240218-WA0183_jpg.rf.iK8VSikNUPShnpD99sBF.txt
train,train/labels/IMG-20240218-WA0191_jpg.rf.RHw2ieLoBZ26QsUC2FDR.txt
train,train/labels/IMG-20240218-WA0200_jpg.rf.R6KU9C0D1BgU78Thgb49.txt
train,train/labels/IMG-20240218-WA0201_jpg.rf.CWzA5KRcC6qPN7YHq3gm.txt
train,train/labels/IMG-20240218-WA0202_jpg.rf.6UROpcOeK8lYbWCwWGmZ.txt
train,train/labels/IMG-20240218-WA0207_jpg.rf.A7bQDpoHvm3L1w8AesEf.txt
train,train/labels/IMG-20240218-WA0214_jpg.rf.Cj55RSSNy04LdKk3gxu6.txt
train,train/labels/IMG-20240218-WA0215_jpg.rf.CrrG0gkxHF9cN6uPCxwr.txt
train,train/labels/IMG-20240218-WA0225_jpg.rf.mgmyHwabqixmjIqokD4V.txt
train,train/labels/IMG-20240218-WA0236_jpg.rf.0LnB0bQzzh6I1U6fa7KN.txt
train,train/labels/IMG-20240218-WA0240_jpg.rf.QuYSJgDgJi0sc3YhU8dg.txt
train,train/labels/IMG-20240218-WA0246_jpg.rf.pPtnHiO7g1vZVeM1Pav5.txt
train,train/labels/IMG-20240218-WA0247_jpg.rf.UHMJEZLX2Zr56ESXzAIO.txt
train,train/labels/IMG-20240218-WA0249_jpg.rf.7j8KORnmqRIJgxskc7r6.txt
train,train/labels/IMG-20240218-WA0257_jpg.rf.j6iN8IcwtPGYr4AC8bSO.txt
train,train/labels/IMG-20240218-WA0260_jpg.rf.7XzvMwi2gC6ZfQeiurxi.txt
train,train/labels/IMG-20240218-WA0261_jpg.rf.EPdiAgAyZVRzuH2vJ5VU.txt
train,train/labels/IMG-20240218-WA0263_jpg.rf.DpeI6AZ2Ew2xasZCBcx2.txt
train,train/labels/IMG-20240218-WA0266_jpg.rf.lTLez8wFvLCvYvPfIyGV.txt
train,train/labels/IMG-20240218-WA0268_jpg.rf.kZS69pXTektARnRMtKTg.txt
train,train/labels/IMG-20240218-WA0272_jpg.rf.KkvbX5TABJ3QpAyuc3yO.txt
train,train/labels/IMG-20240218-WA0273_jpg.rf.0PEryi34iJfs7RnYCWxQ.txt
train,train/labels/IMG-20240218-WA0275_jpg.rf.W4zQFtkolfUhPA856jYv.txt
train,train/labels/IMG-20240218-WA0278_jpg.rf.0AsGsWIui73GPHPuep6r.txt
train,train/labels/IMG-20240218-WA0282_jpg.rf.mckf3uVpOmoI1JsDFQci.txt
train,train/labels/IMG-20240218-WA0285_jpg.rf.6rTHha0RuWVf2pQ26o4l.txt
train,train/labels/IMG-20240218-WA0289_jpg.rf.5xgwgDK09btRaoKlD7af.txt
train,train/labels/IMG-20240218-WA0321_jpg.rf.LdP64LTtN5yGhVQuglP4.txt
train,train/labels/IMG-20240218-WA0322_jpg.rf.cEi9IeEPo0MdEHpv3ioP.txt
train,train/labels/IMG-20240218-WA0336_jpg.rf.ZHRjEjq7H6KI0du80png.txt
train,train/labels/IMG-20240218-WA0346_jpg.rf.zijLFlAdC9E5bXxSDBUY.txt
train,train/labels/IMG-20240218-WA0353_jpg.rf.zvIwSqz7RHKpbX9ldhzX.txt
train,train/labels/IMG-20240218-WA0361_jpg.rf.1yhcnVeIzCPHpvh4Y0t8.txt
train,train/labels/IMG-21_jpg.rf.rnGlIkQ4KVDMszY9drPy.txt
train,train/labels/IMG-23_jpg.rf.E1SFqzEYZ9rkz0EabFti.txt
train,train/labels/IMG-26_jpg.rf.grzOJbuP9A4kdXSNA1UR.txt
train,train/labels/IMG-27_jpg.rf.pzl0v8clmMAsFqxugrgm.txt
train,train/labels/IMG-40_jpg.rf.O5SH8T5SyY4KjbFzTHpm.txt
train,train/labels/IMG-44_jpg.rf.611aZtSaGSXx63EM2Aw0.txt
train,train/labels/IMG-46_jpg.rf.yvwnlP1JJQBKDfNAO6Sq.txt
train,train/labels/IMG-52_jpg.rf.o2hmqj1Rb7FaDZBhEX9O.txt
train,train/labels/IMG-53_jpg.rf.ozCo4EPWrtMCUk2AhvhV.txt
train,train/labels/IMG-5_jpg.rf.KuJBn1ukd38qnExqCL5O.txt
train,train/labels/IMG-6_jpg.rf.aupLVjdVVuQdMhY14rTg.txt
train,train/labels/IMG-7_jpg.rf.Op2gNm5k7kpqztNw85g8.txt
train,train/labels/IMG_20190412_105413_jpg.rf.t9eqk1FnCiOE3c4sE8hr.txt
train,train/labels/IMG_20190412_105750_jpg.rf.Ci40JeYj4LdU4Ba8Wvgk.txt
train,train/labels/IMG_20190412_114456_jpg.rf.L6e7grt34j1q9KDdrZKR.txt
train,train/labels/IMG_20190412_114504_jpg.rf.kUgiS8JKoJuKZN2vbVxC.txt
train,train/labels/IMG_20190413_123320_jpg.rf.TANzmgf0Oqh5vFsPmA8Z.txt
train,train/labels/IMG_20190413_124955_jpg.rf.bAxVVZIYvGSZK91Q0WUH.txt
train,train/labels/IMG_20190413_125659_jpg.rf.FmAYI0OkzuR3Pv8TmAhM.txt
train,train/labels/IMG_20191220_152919_jpg.rf.8fIk2Of35XmYFCavulZ5.txt
train,train/labels/IMG_20191220_153151_jpg.rf.PS70wDW5OwKVcJXVvi25.txt
train,train/labels/IMG_20191220_153812_jpg.rf.0O69blBxksHi5kYtKKVT.txt
train,train/labels/IMG_20191220_154310_jpg.rf.crUSzUqK7fhTEVxXyHJJ.txt
train,train/labels/IMG_20191220_154537_jpg.rf.rb10DbRFBbWJF42bhGus.txt
train,train/labels/IMG_20191220_154805_jpg.rf.AqXHimKdn0x4XD2hmp9U.txt
train,train/labels/IMG_20191220_154920_jpg.rf.7qr20yO8ciDzHiObde9n.txt
train,train/labels/IMG_20191220_155556_jpg.rf.AiIfnfBvQe0H5op0A5tF.txt
train,train/labels/IMG_20191220_155744_jpg.rf.O3whnHjLsasMh0GkJqvL.txt
train,train/labels/IMG_20191220_160103_jpg.rf.20jrUuiP0XlPKTG2oKZT.txt
train,train/labels/IMG_20191220_160920_jpg.rf.UoIZIx80IYcxbsXSrmo8.txt
train,train/labels/IMG_20220707_113816_jpg.rf.ThCwuqbrt2t7fVfoxw7J.txt
train,train/labels/IMG_20220707_114849_jpg.rf.LcEoqy5JLDImz0Qw352B.txt
train,train/labels/IMG_20220707_115048_jpg.rf.9AAsbX5XsrtFETxbBGIJ.txt
train,train/labels/IMG_20220707_115108_jpg.rf.bOAjkXJt02T8CYgi3IKt.txt
train,train/labels/IMG_20220707_115255_jpg.rf.0el7f7qv2woRakwPXes9.txt
train,train/labels/IMG_20220707_115323_jpg.rf.HLd2cSd188wq46DNFldt.txt
train,train/labels/IMG_20220707_115328_jpg.rf.LxMh62Sj7LTevX6BUorO.txt
train,train/labels/IMG_20220707_115339_jpg.rf.eo0ivBIHEOB3H0cEQcip.txt
train,train/labels/IMG_20220707_115347_jpg.rf.jefBwJiqtItzL7PUw6YC.txt
train,train/labels/IMG_20220707_115558_jpg.rf.CsyCH0u4MFpUFgcRRjzl.txt
train,train/labels/IMG_20220707_115641_jpg.rf.CZnbga90Q20zLVxtDuSF.txt
train,train/labels/IMG_20220707_115738_jpg.rf.1YX65I2N6Lg5EtMRMuoP.txt
train,train/labels/IMG_20220707_115847_jpg.rf.aYsOMpyCB5Dtd9Ja1jAQ.txt
train,train/labels/IMG_20220707_115905_jpg.rf.UmbcJH2WaxVFDOHpKbAw.txt
train,train/labels/IMG_20220707_115946_jpg.rf.ZRbW4wtIJMpvJaqzTumg.txt
train,train/labels/IMG_20220707_115953_jpg.rf.0sUvzeX3w5quA5CuWbT5.txt
train,train/labels/IMG_20220707_122638_jpg.rf.9jFEwzAJ2bvsxxWdi9K3.txt
train,train/labels/IMG_20240211_144102_jpg.rf.kSd661RQA4DKMUuT40I1.txt
train,train/labels/IMG_20240211_144315_jpg.rf.oZOZqFikWCZhv15kD0O2.txt
train,train/labels/IMG_20240211_144437_jpg.rf.mlnbyJCc7vpmD0uUb06W.txt
train,train/labels/IMG_20240211_145428_jpg.rf.zj8ngixJfj5W5bG96HcT.txt
train,train/labels/IMG_20240211_145502_jpg.rf.9bTvivmDKoUjGKOsFDEd.txt
train,train/labels/IMG_20240211_145523_jpg.rf.pAgTjGcYT0YjLysQFN1q.txt
train,train/labels/IMG_20240211_150150_jpg.rf.Ycpcs8JedmEyV9IUQ4te.txt
train,train/labels/IMG_20240211_150224_jpg.rf.C0VLZYQN25cAHRnYb0sv.txt
train,train/labels/IMG_20240211_150243_jpg.rf.USkbWciEHZzJK3ONSa7n.txt
train,train/labels/IMG_20240211_150314_jpg.rf.phSeyONsYH2zBpyMkfmk.txt
train,train/labels/IMG_20240211_150316_jpg.rf.yNS4u5wXPiB3Poo6wSfs.txt
train,train/labels/IMG_20240211_150349_jpg.rf.BbPvhJYQyVxDwh7WCm8T.txt
train,train/labels/IMG_20240211_150413_jpg.rf.K5t8bKiBckiqXn7a7nz0.txt
train,train/labels/IMG_20240211_150419_jpg.rf.CLX9maF7eAuV6CAsDxI7.txt
train,train/labels/IMG_20240211_150522_jpg.rf.leNuLWRU19mQAIL3580Z.txt
train,train/labels/IMG_20240211_150554_jpg.rf.nt6YXFwViiDjW0jH3Mav.txt
train,train/labels/IMG_20240211_151040_jpg.rf.Lg2vqapypr174UuDibvI.txt
train,train/labels/IMG_20240211_151104_jpg.rf.6bhM2f54p2eiW6oYJdeW.txt
train,train/labels/IMG_20240211_151114_jpg.rf.a1tC0LYAbk5wOlCgcjt7.txt
train,train/labels/IMG_20240211_151120_jpg.rf.kLyuSASctdO75WsW7lC5.txt
train,train/labels/IMG_20240211_151148_jpg.rf.wyGp76mLGQUpdKWf6BHg.txt
train,train/labels/IMG_20240211_151150_jpg.rf.COfxfba76kvZOQHaH8RY.txt
train,train/labels/IMG_20240211_151154_jpg.rf.mpfsB706cwYd9IXkFgSM.txt
train,train/labels/IMG_20240211_151253_jpg.rf.1t3LPByZXwCYgyTw6tGz.txt
train,train/labels/IMG_20240211_151309_jpg.rf.0qOUOL4PFQM6hiltfdOg.txt
train,train/labels/IMG_20240211_151420_jpg.rf.0e6E6vYFfucarS9pOx8O.txt
train,train/labels/IMG_20240211_151455_jpg.rf.OP3hktw0t07hTBSOGEA0.txt
train,train/labels/IMG_20240211_151457_jpg.rf.kbwJnoWbCwJGHePlAdD2.txt
train,train/labels/IMG_20240211_151501_jpg.rf.C2U0nEzv5FJKonO5vVqj.txt
train,train/labels/IMG_20240211_151806_jpg.rf.hGzbuAURI8pZPgOx5VIx.txt
train,train/labels/IMG_20240211_152355_jpg.rf.GIwlIgYWqYlYlNtPjTFc.txt
train,train/labels/IMG_20240211_152405_jpg.rf.3VewPRmYZ8TkxgJvlBTn.txt
train,train/labels/IMG_20240211_152433_jpg.rf.pTvbnZyZjdAB5a8hGs0k.txt
train,train/labels/IMG_20240211_152452_jpg.rf.UHvQcuNyC55G1l0Cz6zc.txt
train,train/labels/IMG_20240211_152455_jpg.rf.QSG1Yieg6dDlWhHPJCEN.txt
train,train/labels/IMG_20240211_152534_jpg.rf.SxYvOApEeHJVAQitOXlq.txt
train,train/labels/IMG_20240211_152615_jpg.rf.T7OtWN17SCDA97XmsPTW.txt
train,train/labels/IMG_20240211_152620_jpg.rf.dmIhPbHhCh41iMvUeabI.txt
train,train/labels/IMG_20240211_152622_jpg.rf.VphNM4q6ZGfsi72gLmzm.txt
train,train/labels/IMG_20240211_152750_jpg.rf.QLBXCczu3w8IqvbYjDwY.txt
train,train/labels/IMG_20240211_154512_jpg.rf.XtuVlKPlEoPaXNlYj0J6.txt
train,train/labels/IMG_20240211_161143_jpg.rf.plZMjnvWnE57v8WZtzRg.txt
train,train/labels/IMG_20240211_161229_jpg.rf.AmB7QDoO28eTfUNRfc95.txt
train,train/labels/IMG_20240211_161611_jpg.rf.rXQeTHSX2JrQps32wpjv.txt
train,train/labels/IMG_20240211_161949_jpg.rf.5SJ3FKKmPH2NsEOD3Skw.txt
train,train/labels/IMG_20240211_162020_jpg.rf.QJZ4aFqznWFc2pJNiIco.txt
train,train/labels/IMG_20240211_162205_jpg.rf.GQZPIGxTw4f5FKO2TUh9.txt
train,train/labels/IMG_20240211_162218_jpg.rf.5NTP7BjNTAouzOabg1M5.txt
train,train/labels/IMG_20240211_162221_jpg.rf.C8H1mcJMjxC3x5hzgrwf.txt
train,train/labels/IMG_20240211_162303_jpg.rf.mELcDYq2gCv3HKGPX65Q.txt
train,train/labels/IMG_20240211_162417_jpg.rf.pqpDt5v4v9Mx565UJLhv.txt
train,train/labels/IMG_20240211_162532_jpg.rf.260FawL4kJ1JCQk7oyp7.txt
train,train/labels/IMG_20240211_162534_jpg.rf.zuU81YaQOrkN1y1fZ3f4.txt
train,train/labels/IMG_20240211_162604_jpg.rf.hFBSgDayXy3ezSRLmYEH.txt
train,train/labels/IMG_20240211_162708_jpg.rf.wloOJ3bX1PKCUd2Qduiv.txt
train,train/labels/IMG_20240211_162715_jpg.rf.lnucVZcAGnNHweO8X23i.txt
train,train/labels/Number_jpg.rf.Fc1xClZNn5qFan5PrLEl.txt
train,train/labels/received_1046491973100214_jpeg.rf.Spn5GIdasqSijKudDPBH.txt
train,train/labels/received_1151562566225408_jpeg.rf.WRPXccVwKOKrMXMzaWz9.txt
train,train/labels/received_1156250575540046_jpeg.rf.95jBH5j2rjCK5b7sYKdq.txt
train,train/labels/received_1184768725842638_jpeg.rf.YPpa6uLevSnCdvMGTxXG.txt
train,train/labels/received_1798519270651236_jpeg.rf.hI9IT0liuEzzkfLgCiRZ.txt
train,train/labels/received_282144841363051_jpeg.rf.2RwkaYeKl6j9jV1I5Y9b.txt
train,train/labels/received_333854569648019_jpeg.rf.5bI6hNSMvWerRkgguG3t.txt
train,train/labels/received_337980442562234_jpeg.rf.dSgAuHIEaiYPLxZhksmX.txt
train,train/labels/received_384941491125842_jpeg.rf.sRfAoZSwfjSrkbgGzsoB.txt
train,train/labels/received_394168539869986_jpeg.rf.pVgB82XnJRdOp6zkLRoI.txt
train,train/labels/received_404499345296522_jpeg.rf.mcQ2EZ7w1FFPElyDU5nz.txt
train,train/labels/received_405168495230647_jpeg.rf.3d0ZrZo6OZzXbMet36qH.txt
train,train/labels/received_740327594829920_jpeg.rf.pOjgvtdSXQIyGqmufgEO.txt
train,train/labels/received_7834014679945381_jpeg.rf.iLMrjUvYAa91o1ZiHGJW.txt
train,train/labels/received_804101031556333_jpeg.rf.jkNB5mdHRBLBYoyvlIzg.txt
train,train/labels/received_915730103891306_jpeg.rf.GyayHBVBNDIscMPXCHid.txt
train,train/labels/received_980032343832651_jpeg.rf.Rj3yyEg6QF2HTaH1E7jw.txt
train,train/labels/Retro-Reflective-license-plate_png.rf.OWQADwVcK99qUewpYlnH.txt
train,train/labels/Screenshot 2024-02-20 003615_png.rf.BKJLUjGGyxy5Qo2IYPML.txt
train,train/labels/Screenshot 2024-02-20 004334_png.rf.m0mi0DIVe16pWeOGTBYh.txt
train,train/labels/Screenshot 2024-02-20 004627_png.rf.OMJEMbSGkt0nHuiyut3q.txt
train,train/labels/Screenshot 2024-02-20 004636_png.rf.ya9rZrzdpZcSU8Fkx1g7.txt
train,train/labels/Screenshot 2024-02-20 005137_png.rf.ETq7P4qef5w5EhwZA9iu.txt
train,train/labels/Screenshot 2024-02-20 005428_png.rf.OYC29CSPzKf0cinx8JTX.txt
train,train/labels/Screenshot 2024-02-20 010047_png.rf.RBzxL0zkkbgo1VBtCOfE.txt
train,train/labels/Screenshot 2024-02-20 010157_png.rf.VWh9fQoCY0lVqvSiuowS.txt
train,train/labels/Screenshot 2024-02-20 010239_png.rf.mUl9nA2JyF4QHzyHUEeQ.txt
train,train/labels/Screenshot 2024-02-20 010251_png.rf.lNHMId0ZUFTI0OD7fIsf.txt
train,train/labels/Screenshot 2024-02-20 010409_png.rf.XE1kuJB1EzgkS5ByuOUU.txt
train,train/labels/Screenshot 2024-02-20 010423_png.rf.DnnMgB7rzXAEdGU9bu7D.txt
train,train/labels/Screenshot 2024-02-20 010730_png.rf.QpTz6js7YCxMohm0YdpN.txt
train,train/labels/Screenshot 2024-02-20 010853_png.rf.dw9Vr6ghTaOWf2B7BnWg.txt
train,train/labels/Screenshot 2024-02-20 010939_png.rf.p1gAhfZfQIB3USev2dzP.txt
train,train/labels/Screenshot 2024-02-20 012914_png.rf.dVuQOWs1EF0tzhmeypwy.txt
train,train/labels/Screenshot 2024-02-20 013035_png.rf.1AWC9FfRGe6NIvRrQ9ty.txt
train,train/labels/Screenshot 2024-02-20 013243_png.rf.9t1ho0qVaekQCwj3dlxu.txt
train,train/labels/SmartSelect_20240223_100126_Messenger_jpg.rf.k6DaL5GweArG78Aglv8F.txt
train,train/labels/SmartSelect_20240223_100231_Messenger_jpg.rf.vCRimlXZdFDwsX0YSYFA.txt
train,train/labels/SmartSelect_20240302_173128_Facebook_jpg.rf.odimbl7TlRnCAIf4NdEm.txt
train,train/labels/SmartSelect_20240302_173216_Facebook_jpg.rf.i1HP8a3ogo8iTsXHtmVT.txt
train,train/labels/SmartSelect_20240302_173348_Facebook_jpg.rf.PRdABZH3dMm26TlxLhIz.txt
train,train/labels/SmartSelect_20240302_173420_Facebook_jpg.rf.TeZ5Rek2A2xYgdhMB23g.txt
train,train/labels/SmartSelect_20240302_173429_Facebook_jpg.rf.8HSxywIO3jTWCtHcHIaA.txt
train,train/labels/SmartSelect_20240302_173438_Facebook_jpg.rf.1i81dnPJOqkz1FxFGjN8.txt
train,train/labels/SmartSelect_20240302_173512_Facebook_jpg.rf.WvVI83hmQy6WGNH2nk4H.txt
train,train/labels/SmartSelect_20240302_173525_Facebook_jpg.rf.nV51CCe1etuPLvQwjreS.txt
train,train/labels/SmartSelect_20240302_173609_Facebook_jpg.rf.75CJE6GAYB4HxsYLSdlr.txt
train,train/labels/SmartSelect_20240302_173823_Facebook_jpg.rf.ZjwgpTBgllDHRbXNFYyP.txt
train,train/labels/SmartSelect_20240302_173857_Facebook_jpg.rf.fvRtAfxyQd0CPIF7lEHj.txt
train,train/labels/SmartSelect_20240302_174007_Facebook_jpg.rf.orS3DVit8vmWa3v2SAAc.txt
train,train/labels/SmartSelect_20240419_235835_Messenger_jpg.rf.xBgUpOoXvVxvcEfEFwvu.txt
