source_image,split,exif_orientation
train/images/20240211_111449_jpg.rf.nzmtGqmNuTmeRxEXiXW8.jpg,train,6
train/images/20240211_114334_jpg.rf.PeTMZJwnMMZ3Ic9wg9Ug.jpg,train,6
train/images/20240211_114358_jpg.rf.37NQ3qYrZ0UIQMjYja0e.jpg,train,6
train/images/20240211_131550_jpg.rf.7Kih8VRaWMLts2HOQLIg.jpg,train,6
train/images/20240211_131633_jpg.rf.L1eKkinn0obnNRM6NnlO.jpg,train,6
train/images/20240211_131650_jpg.rf.6Do13FzAhnjeSFyEuxyg.jpg,train,6
train/images/20240211_131704_jpg.rf.sfsUIr02MFYurW8Yb7Fg.jpg,train,6
train/images/20240211_131711_jpg.rf.TfNAo6zbizUXnflKdBLd.jpg,train,6
train/images/20240211_142049_jpg.rf.dvQzSUr5hhvL126kkqAi.jpg,train,6
train/images/20240211_143608_jpg.rf.yhYLQxJTECI6y8a02xB5.jpg,train,6
train/images/20240211_143910_jpg.rf.63o5CyAgCCZIn4wwljSw.jpg,train,6
train/images/20240211_143922_jpg.rf.o6GVFdz3SHPHVuw3mFVx.jpg,train,6
train/images/20240211_143930_jpg.rf.zGcXsHl77pHmdGMMKxNy.jpg,train,6
train/images/20240211_144252_jpg.rf.hYA8qPVrWHU1EAXpHud2.jpg,train,6
train/images/20240211_144257_jpg.rf.QfJech7sX5zPSmMxgm5J.jpg,train,6
train/images/20240211_144318_jpg.rf.SmOeQAexrajBSWjkcjPW.jpg,train,6
train/images/20240211_144402_jpg.rf.VrUfYI7Qdm9JKp8wT2BW.jpg,train,6
train/images/20240211_144406_jpg.rf.9dMqBDGSd283KFg2EWpA.jpg,train,6
train/images/20240211_144510_jpg.rf.vsGDy9Mk1SrwRd4ZE8BJ.jpg,train,6
train/images/20240211_144522_jpg.rf.Tlm9cPwjBV8DFAXwW7HZ.jpg,train,6
train/images/20240211_144533_jpg.rf.X6l8BFsKwBzl53kK6Xul.jpg,train,6
train/images/20240211_144618_jpg.rf.Nr0Pxk4aQzhSvekXDptL.jpg,train,6
train/images/20240211_144636_jpg.rf.rSJQowBM6cJaKbhmYRHy.jpg,train,6
train/images/20240211_144711_jpg.rf.4JnHGzm6jHJNbRQHZsw3.jpg,train,6
train/images/20240211_144805_jpg.rf.8zXNBLGnCNKj4j1N1Kce.jpg,train,6
train/images/20240211_144941_jpg.rf.ec0R0Rcyex0mwbogZVRZ.jpg,train,6
train/images/20240211_145011_jpg.rf.8dU4qvzyLiiUAN0DCZt8.jpg,train,6
train/images/20240211_145328_jpg.rf.6kelLfLBLXaKWCDelqbx.jpg,train,6
train/images/20240211_145405_jpg.rf.VAd9kZ8e4V0HhYsJDRiQ.jpg,train,6
train/images/20240211_145433_jpg.rf.asjuRd1DA3Q8PZzOHHxw.jpg,train,6
train/images/20240211_145444_jpg.rf.eiNFAwFIQFra3C1W6jwt.jpg,train,6
train/images/20240211_145449_jpg.rf.sthzV7RoTe5MCC7Ug4Ij.jpg,train,6
train/images/20240211_145502_jpg.rf.zMOpvFN33X5iGqGrsWK4.jpg,train,6
train/images/20240211_145900_jpg.rf.UBvxwyWBRk0iPYoPiOjq.jpg,train,6
train/images/20240211_145906_jpg.rf.dhfdGqtBbRbqElEhZwHl.jpg,train,6
train/images/20240211_150010_jpg.rf.eOPZ1KIGzyW5dOsToYMy.jpg,train,6
train/images/20240211_150021_jpg.rf.xZ59dytRF0WdRQpQgv0j.jpg,train,6
train/images/20240211_150102_jpg.rf.Vs2nPhOopYClyIOk0RK6.jpg,train,6
train/images/20240211_150123_jpg.rf.Wqewt2oKFUxH0toQwnoe.jpg,train,6
train/images/20240211_150146_jpg.rf.dI4bhl7mTtanGDPCK00b.jpg,train,6
train/images/20240211_150233_jpg.rf.euoBmbbONr1dbQwK3lHG.jpg,train,6
train/images/20240211_150303_jpg.rf.yCcdmeOPy2J45GIvMvUC.jpg,train,6
train/images/20240211_150321_jpg.rf.HmDitqUqvtp2rVzHwTJ3.jpg,train,6
train/images/20240211_150534_jpg.rf.WtyNPlcCcDxm5df1dvCB.jpg,train,6
train/images/20240211_150824_jpg.rf.NtFKbmfecPF0oyPRlkjs.jpg,train,6
train/images/20240211_150952_jpg.rf.Jn4EsfHqi2U8Y15EfBk7.jpg,train,6
train/images/20240211_151030_jpg.rf.kXELfwwx2IOEr94LloBe.jpg,train,6
train/images/20240211_151217_jpg.rf.K6Ah0XoWGngRKLfa6erd.jpg,train,6
train/images/20240211_151437_jpg.rf.rPDQUYMHoPhZmncJvkVJ.jpg,train,6
train/images/20240211_151516_jpg.rf.rQOyVUxHu2PYS9zE5Ent.jpg,train,6
train/images/20240211_151545_jpg.rf.v1ciwXDiqd0pfPlfyuFJ.jpg,train,6
train/images/20240211_151646_jpg.rf.WEzXWjCh38U5enrNzeJy.jpg,train,6
train/images/20240211_151912_jpg.rf.HIrEbFgPYrG2ZmYH3evV.jpg,train,6
train/images/20240211_152343_jpg.rf.KRZXQZxHbToR9A7zzG6T.jpg,train,6
train/images/20240211_152451_jpg.rf.uPko29iRWRO0NHNH19OQ.jpg,train,6
train/images/20240211_152622_jpg.rf.rS6KmHfynoatGPqul3O9.jpg,train,6
train/images/20240211_152644_jpg.rf.ZboXmHptqs6PcHKmJng8.jpg,train,6
train/images/20240211_152649_jpg.rf.94GN8IKQfKjPuhk5XqvV.jpg,train,6
train/images/20240211_152703_jpg.rf.Dl1w1wCCkJdGTO2EwR7t.jpg,train,6
train/images/20240211_153539_jpg.rf.xPWBn4wdY12N1dmRaWbW.jpg,train,6
train/images/20240211_153813_jpg.rf.xGYh7fOXRWttcEpJwdzr.jpg,train,6
train/images/20240211_153905_jpg.rf.fJ5E6HWEvsq8dJrIc90N.jpg,train,6
train/images/20240211_153907_jpg.rf.0Y3WWjTYsqHUEh4b4H0C.jpg,train,6
train/images/20240211_154046_jpg.rf.Ajj1vu7u9I8VhaZvALIJ.jpg,train,6
train/images/20240211_154059_jpg.rf.MW0VEeh9bAXeSXif1sKo.jpg,train,6
train/images/20240211_154130_jpg.rf.kcTKrdUAXR8RxG4lBiMk.jpg,train,6
train/images/20240211_154134_jpg.rf.Mnqr1JOT0IruBuLAmRQq.jpg,train,6
train/images/20240211_154234_jpg.rf.iADt1F4mpXx5q1nEPMKo.jpg,train,6
train/images/20240211_154256_jpg.rf.IAvkhEAFfPkJcKVXLaaw.jpg,train,6
train/images/20240211_154423_jpg.rf.3sehtHvuginVhzm67cov.jpg,train,6
train/images/20240211_154432_jpg.rf.daRIQ5wVWqH4rpUnAUdu.jpg,train,6
train/images/20240211_154444_jpg.rf.LkADU5ZkhuAvxdSpBpFQ.jpg,train,6
train/images/20240211_154447_jpg.rf.PbdjhbTzLgVf9hgTFyZm.jpg,train,6
train/images/20240211_154502_jpg.rf.OrMRIMNq85gl2FX3jvJF.jpg,train,6
train/images/20240211_154519_jpg.rf.bzIX4hFN22KNgR0WLWhv.jpg,train,6
train/images/20240211_154535_jpg.rf.KNoUSWcJ6QPkYCK36OZ4.jpg,train,6
train/images/20240211_154554_jpg.rf.gwGZtODaATtx8y9v90OV.jpg,train,6
train/images/20240211_154707_jpg.rf.ymZ3SdSaaHtQQLcbSs3n.jpg,train,6
train/images/20240211_154713_jpg.rf.Hj8Rz85ztUDXSUMRZtAY.jpg,train,6
train/images/20240211_154742_jpg.rf.kWaxYPOOqrkmV8o3d4Co.jpg,train,6
train/images/20240211_161423_jpg.rf.v5QUuIZAI5rrYSN3MK4H.jpg,train,6
train/images/20240211_161718_jpg.rf.mAKGfxM8R0iqygqg7Oeg.jpg,train,6
train/images/20240211_162119_jpg.rf.GjzDXR5TfmSJuUwhDgDd.jpg,train,6
train/images/20240211_162204_jpg.rf.PTSbVBexq55yYbG7vFQt.jpg,train,6
train/images/20240211_162211_jpg.rf.CMK1o0CMcbPxfyxvh4XN.jpg,train,6
train/images/20240211_162333_jpg.rf.CrrVo68GsyjXLUWoEBJR.jpg,train,6
train/images/20240211_162512_jpg.rf.oLD9ZgWFKJDsjQvJeQdr.jpg,train,6
train/images/20240211_162529_jpg.rf.rDAFaAkQuMrz7rCiKZTR.jpg,train,6
train/images/20240211_162535_jpg.rf.x75sATmzYy7sQw1JzmqM.jpg,train,6
train/images/20240211_162552_jpg.rf.mWkw6MtJQdjdLakh60WE.jpg,train,6
train/images/20240211_162557_jpg.rf.yS5N9pxbai6N1Q7Kv6Rp.jpg,train,6
train/images/20240211_162601_jpg.rf.V1bhqTXz201PR8HFRtY5.jpg,train,6
train/images/20240211_162628_jpg.rf.LnRJS1hBLSp2wLW0B3NT.jpg,train,6
train/images/20240211_162641_jpg.rf.jH1CVxNzNr2lpEsuKgWl.jpg,train,6
train/images/20240211_162642_jpg.rf.ss0J2gl7zyTdl9tGc6nT.jpg,train,6
train/images/20240211_162718_jpg.rf.Xy79qYY1qsTtXzLw40hX.jpg,train,6
train/images/20240211_162726_jpg.rf.E7YMyPvkXwIXfY45e6xP.jpg,train,6
train/images/20240211_162727_jpg.rf.5BWOZRh3xaBtXlaLMbkv.jpg,train,6
train/images/20240211_162824_jpg.rf.UztI0kFGQD89UdZAIlBb.jpg,train,6
train/images/20240211_163016_jpg.rf.4NfWNxuwk3FOrO2YPV6Z.jpg,train,6
train/images/20240211_164416_jpg.rf.4pNAFGx2vKvf5UroVE7F.jpg,train,6
train/images/20240211_164419_jpg.rf.awDdKwQHYy4prJDtqNSQ.jpg,train,6
train/images/20240211_164433_jpg.rf.K3I8lftjRY4sX5FNZx3T.jpg,train,6
train/images/20240211_164434_jpg.rf.Vg5R2tbW1lbNGoHtK06K.jpg,train,6
train/images/20240211_164444_jpg.rf.9jLKCFu2XuYbO8Dxivsa.jpg,train,6
train/images/20240211_164549_jpg.rf.fQK0nHDXuMvRDjciDSKW.jpg,train,6
train/images/20240211_164553_jpg.rf.cGKVJyVRx5ZUDuG1lzx9.jpg,train,6
train/images/20240211_164608_jpg.rf.B0PpzsAnOi6cbgdfGOxN.jpg,train,6
train/images/20240211_165748_jpg.rf.E6dTC6borxUKb8QAin1d.jpg,train,6
train/images/20240211_165802_jpg.rf.HWc0BoVu9i8w4iwCile3.jpg,train,6
train/images/20240211_165822_jpg.rf.GOqwTi6aXug4XII7H8SE.jpg,train,6
train/images/20240211_170339_jpg.rf.IdQlNpO8lLf6bveY3zkL.jpg,train,6
train/images/20240211_170349_jpg.rf.PKbHFFLV8Dcewr9GbIBn.jpg,train,6
train/images/20240214_135723_jpg.rf.mZ0JnkVU0AJnDT208eGm.jpg,train,6
train/images/20240214_135729_jpg.rf.2ztWwXbopQg3eWzZ6IBE.jpg,train,6
train/images/20240214_135802_jpg.rf.ZVQdT9Hyu0vDxCyDIcg5.jpg,train,6
train/images/20240214_140006_jpg.rf.w3Ud6mKNP8Mi8sTXG1ls.jpg,train,6
train/images/20240214_141045_jpg.rf.gh7SxTcJlypOi9LOvvMZ.jpg,train,6
train/images/20240214_142058_jpg.rf.VBUvunpI7WZbK5rpT7f3.jpg,train,6
train/images/20240214_142104_jpg.rf.J3RoFBj4VgZBqxXuhiLZ.jpg,train,6
train/images/20240214_142348_jpg.rf.UjY3RWhWOPc0v8MpFAjn.jpg,train,6
train/images/20240214_145611_jpg.rf.Ql1Lgq7WZMX9XL8lxVgr.jpg,train,6
train/images/20240214_145646_jpg.rf.eP9yBYvk0ot88VDL7L0G.jpg,train,6
train/images/20240214_145653_jpg.rf.ezwRvAFaMKn6v7aSeUaT.jpg,train,6
train/images/20240214_145918_jpg.rf.yHMUrDwUyG3DJgtfSpdV.jpg,train,6
train/images/20240214_145955_jpg.rf.3u7tBUMuUhqQAMiiXfAF.jpg,train,6
train/images/20240214_150021_jpg.rf.4U06M6kZWS7PTHWpgeqg.jpg,train,6
train/images/20240214_150027_jpg.rf.NXr4ELRkRIJV24x28Y2A.jpg,train,6
train/images/20240214_150031_jpg.rf.Kyta6ivt8CfZl1V2QQYz.jpg,train,6
train/images/20240214_150041_jpg.rf.ZUTqRkyjLwOKkxcxNVar.jpg,train,6
train/images/20240214_150043_jpg.rf.iksHDJAX3tq8yLgibEa4.jpg,train,6
train/images/20240214_150105_jpg.rf.Lb0xnyKlezJOUuLbSPcL.jpg,train,6
train/images/20240214_150110_jpg.rf.yulv43CHbAGSqZ2455tf.jpg,train,6
train/images/20240214_150202_jpg.rf.SnA5se7zpvT7U6ySuAkG.jpg,train,6
train/images/20240214_181856_jpg.rf.tCOPHFF8gJP74C08PlEM.jpg,train,6
train/images/20240214_181909_jpg.rf.tU0BBcESWtiIQBGuPXC3.jpg,train,6
train/images/20240214_181953_jpg.rf.NiEOzcNfAqFQBNGZDuBL.jpg,train,6
train/images/20240214_182053_jpg.rf.e5NfTjdBEqwdGpAVVkeu.jpg,train,6
train/images/20240214_182118_jpg.rf.32kJc4wqhBf7emCbeFtw.jpg,train,6
train/images/20240214_182139_jpg.rf.ez5SuegNrTLJAn47BWXO.jpg,train,6
train/images/20240214_182212_jpg.rf.hubvhv6hAOMG7So6juzN.jpg,train,6
train/images/20240214_182553_jpg.rf.QiPEgQu2Ng4Mur8IXR66.jpg,train,6
train/images/20240214_182556_jpg.rf.zl2qJwJOWP4qdBFp4SVE.jpg,train,6
train/images/20240214_182930_jpg.rf.9CFKjscxzUyW1Kqg95ea.jpg,train,6
train/images/20240214_183113_jpg.rf.zA4zxdIHScSAljzGcoEQ.jpg,train,6
train/images/20240214_183130_jpg.rf.S0dGDjhMfminNrwHe0na.jpg,train,6
train/images/20240214_183316_jpg.rf.e9X8UWdUBIBYeMvRbOGU.jpg,train,6
train/images/20240214_183349_jpg.rf.taA0Vh4S2WolFQaIHJ0n.jpg,train,6
train/images/20240214_183408_jpg.rf.hoXRZtlXfIRb8vc4fcsX.jpg,train,6
train/images/20240214_183639_jpg.rf.58GuYcOC8Dw6aK9GL4PM.jpg,train,6
train/images/20240214_183704_jpg.rf.UhurWpOKSYM3vlP7NgJS.jpg,train,6
train/images/20240214_184256_jpg.rf.ypGzwo3HGvygsKUIjOJd.jpg,train,6
train/images/20240214_190032_jpg.rf.3V5FD83PKhBLRLH3gojv.jpg,train,6
train/images/20240214_190147_jpg.rf.MUniU8mnP96jiNuMfadJ.jpg,train,6
train/images/20240214_190156_jpg.rf.NH6QhudwO8mkdzoRcCIY.jpg,train,6
train/images/20240214_190248_jpg.rf.u1nbsgDT964fHSAdK4U1.jpg,train,6
train/images/20240214_190452_jpg.rf.WAOGrxHF1mMLaZD4Mpr7.jpg,train,6
train/images/20240214_190510_jpg.rf.ysmlKiYV9C56d4n6Xfwj.jpg,train,6
train/images/20240214_190550_jpg.rf.v0ZfGm0Nq7Ae5iQzJ7XZ.jpg,train,6
train/images/20240214_190553_jpg.rf.D2ruDsu3NEs55IJjdQZ2.jpg,train,6
train/images/20240214_190601_jpg.rf.ciGeHys92BS9Q7ybmwvq.jpg,train,6
train/images/20240214_190706_jpg.rf.YziwOqAoJqzW9DaVLdXc.jpg,train,6
train/images/20240214_190808_jpg.rf.qzSkP1MgWYCBitwnZ4eY.jpg,train,6
train/images/20240214_190910_jpg.rf.HWcvrfH0X9QfaaA17Hb8.jpg,train,6
train/images/20240214_190943_jpg.rf.4FjKwpViTqNW6s7yDY7W.jpg,train,6
train/images/20240214_191527_jpg.rf.fi38kDUnruI8MXUNTK6Z.jpg,train,6
train/images/20240214_191809_jpg.rf.4ZldgjGDwxmXnG8gQDyv.jpg,train,6
train/images/20240214_191823_jpg.rf.NLMfSWs3HfHW92Vsfc4H.jpg,train,6
train/images/20240214_191836_jpg.rf.kTrSQQ31xO3vLmHE08Wn.jpg,train,6
train/images/20240214_191954_jpg.rf.URowp5p9tqOGMDGT0rlt.jpg,train,6
train/images/20240214_192021_jpg.rf.q7ovNM6lFrUjGQyqHqFA.jpg,train,6
train/images/20240214_192042_jpg.rf.5dak82L4HovOZSKT9Iuc.jpg,train,6
train/images/20240214_204947_jpg.rf.DPXPFQcAFjc8Zw2jGHzM.jpg,train,6
train/images/20240214_205049_jpg.rf.bi7Tz0zL2czxJpUi4sgj.jpg,train,6
train/images/20240214_205059_jpg.rf.v52h4ARAUW813kxCKwuT.jpg,train,6
train/images/20240214_205142_jpg.rf.JimKfMJTrmWSSRnOxF8w.jpg,train,6
train/images/20240214_205346_jpg.rf.q0GOTpmYHMgJM4oWxxa6.jpg,train,6
train/images/20240214_205529_jpg.rf.6R5kC5iIup0acjwjpYAI.jpg,train,6
train/images/20240214_205547_jpg.rf.JlMiXlBvPvj00EzwYIvq.jpg,train,6
train/images/20240214_205625_jpg.rf.eXZvqno3Jv7oktmjuhnA.jpg,train,6
train/images/20240214_205720_jpg.rf.IbbqMuKQ2xJui8xGn0If.jpg,train,6
train/images/20240214_205754_jpg.rf.rIdwBsBVENKLmW1hNhUs.jpg,train,6
train/images/20240214_210027_jpg.rf.wYGJjqWmuqmkbz79nZvS.jpg,train,6
train/images/20240214_210049_jpg.rf.K2o2Uxetqmzk6Rrw7ir9.jpg,train,6
train/images/20240214_210102_jpg.rf.vSVLvIZxad0q7p1uruvb.jpg,train,6
train/images/20240214_210130_jpg.rf.AZgP6v59CqFip6sxcS0J.jpg,train,6
train/images/20240214_210310_jpg.rf.lU1rasYpkyuGZ0ygwm37.jpg,train,6
train/images/20240214_210327_jpg.rf.vYe6tYDxq3sRDHzCBWia.jpg,train,6
train/images/20240214_210615_jpg.rf.GMuzRhzn6f5eEkHwbEbO.jpg,train,6
train/images/20240214_210633_jpg.rf.IQxQIf5mi5AIEFQhQJKF.jpg,train,6
train/images/20240214_210736_jpg.rf.B87jUIBHrAogAnfc9VGn.jpg,train,6
train/images/20240214_210757_jpg.rf.zfVrruCr3IpRaP8bhzZZ.jpg,train,6
train/images/20240214_210954_jpg.rf.X1c40yP20X5flT8NETBK.jpg,train,6
train/images/20240214_211101_jpg.rf.JmI9jNDL8qZaYG6y7mpx.jpg,train,6
train/images/20240214_211136_jpg.rf.ixvIzk7mDTDwRdj4FpCZ.jpg,train,6
train/images/20240214_211407_jpg.rf.5e3cKmsm2RWKcRQnuRIh.jpg,train,6
train/images/20240214_211429_jpg.rf.D1u9LZamfM6cZqx15f45.jpg,train,6
train/images/20240214_211457_jpg.rf.tCto9h6j6YZJUpcLw9g8.jpg,train,6
train/images/20240214_211511_jpg.rf.MCwJjivrqR3yF3smZBlK.jpg,train,6
train/images/20240214_211554_jpg.rf.YXrAfQhXxtEGrApplpIk.jpg,train,6
train/images/20240214_211650_jpg.rf.sWGfKpTqP93jKfUZeN50.jpg,train,6
train/images/20240214_211914_jpg.rf.V3Iwa8vVh9kRBUJUKUcr.jpg,train,6
train/images/20240214_211932_jpg.rf.ZpdpQ010m46TuTgTkP7R.jpg,train,6
train/images/20240214_211947_jpg.rf.SighcViWS1aTpCNN8xRV.jpg,train,6
train/images/20240214_212022_jpg.rf.8pFBCOIwtvlQyrS5Rtqp.jpg,train,6
train/images/20240214_212036_jpg.rf.Yzyd7VMdsmx2pOmt6TKH.jpg,train,6
train/images/20240214_212216_jpg.rf.NuhplXTTqKQUzm34yfJ7.jpg,train,6
train/images/20240214_212217_jpg.rf.0fO881EW3Ia5YfIUOPYr.jpg,train,6
train/images/20240214_212255_jpg.rf.OEvQpvkX0rdPUSt6LFzy.jpg,train,6
train/images/20240214_212321_jpg.rf.7VGIA8PxndU0SeTLuYT0.jpg,train,6
train/images/20240214_212327_jpg.rf.XT7c8Uw0tFhEPIlZvFP8.jpg,train,6
train/images/20240214_212337_jpg.rf.NRva5x0yGts3TeBa98xN.jpg,train,6
train/images/20240214_212418_jpg.rf.KdTXR6xuARECnyMSztsX.jpg,train,6
train/images/20240214_212515_jpg.rf.DxeSOa4DsAmPTXTgDP1g.jpg,train,6
train/images/20240214_212617_jpg.rf.nyVoIjZRVGBDG5kkksI4.jpg,train,6
train/images/20240214_212640_jpg.rf.506UVCzbUAhAVjmBAxv5.jpg,train,6
train/images/20240214_212651_jpg.rf.Ch5DoPyiCYriuJkdpDb3.jpg,train,6
train/images/20240214_212654_jpg.rf.V6KG6RTenU1JBosgKuV2.jpg,train,6
train/images/20240214_212714_jpg.rf.rVV4KAneCMgkszXzvVVt.jpg,train,6
train/images/20240214_212757_jpg.rf.NEN13B2Zyh3MGI5VNjww.jpg,train,6
train/images/20240214_212814_jpg.rf.5kF1DZO4YTMuyIN6S3lt.jpg,train,6
train/images/20240214_212841_jpg.rf.XzDImcgoxeJCUHefIuX2.jpg,train,6
train/images/20240214_212845_jpg.rf.6qelIGtD7jzWy8M7lK15.jpg,train,6
train/images/20240214_212903_jpg.rf.FVjHfIJAHql8XVKEFfUt.jpg,train,6
train/images/20240214_212938_jpg.rf.I46VqFY1jNiet1ylStOp.jpg,train,6
train/images/20240214_212944_jpg.rf.qvQFG6FnqlFaB79tQYyN.jpg,train,6
train/images/20240214_212947_jpg.rf.vlSWmFjJ016BHffw2oZ0.jpg,train,6
train/images/20240214_213309_jpg.rf.UBiekR1S0RHtXFDToMWq.jpg,train,6
train/images/20240214_213339_jpg.rf.jxAxmhj2RCD7TZvqL8xf.jpg,train,6
train/images/20240214_213358_jpg.rf.yJ6sUNPMJYkxhf3zaaoA.jpg,train,6
train/images/20240214_213544_jpg.rf.VU1U0aH0YpUGwt9u3qja.jpg,train,6
train/images/20240214_213621_jpg.rf.WsEZb6YuWsk3KxCw3qHs.jpg,train,6
train/images/20240214_213816_jpg.rf.5fq1kF0TDfrtUFQx3mPo.jpg,train,6
train/images/20240214_213821_jpg.rf.wy2jeQOvMvn3IkYzooJE.jpg,train,6
train/images/20240214_213900_jpg.rf.FVd2DMqGrdgeDIaAovty.jpg,train,6
train/images/20240214_214016_jpg.rf.IwMaKzqfecWj3cbaOmaK.jpg,train,6
train/images/20240214_214059_jpg.rf.drVSlxGRiaUQft5QOewm.jpg,train,6
train/images/20240214_214105_jpg.rf.gDTiVWO0S7UhySUWSldj.jpg,train,6
train/images/20240214_214221_jpg.rf.EsGWIq6zIzk3AQVGfPIl.jpg,train,6
train/images/20240214_214235_jpg.rf.KrleYIKQrydB0lqZ0urU.jpg,train,6
train/images/20240214_214240_jpg.rf.eoSA3LJ93jiC0ea9tcem.jpg,train,6
train/images/20240214_214253_jpg.rf.NN9fHJhsMqi2TDe7FQGD.jpg,train,6
train/images/20240214_214301_jpg.rf.TG3uGxkVpScNMKmKpHEV.jpg,train,6
train/images/20240214_214327_jpg.rf.NxNldqHWINOWyUnzYTmm.jpg,train,6
train/images/20240214_214349_jpg.rf.qlYTZ5eKtXE1C0DCdmiy.jpg,train,6
train/images/20240214_214400_jpg.rf.wYqXcG0N7dt4rMQhXLJg.jpg,train,6
train/images/20240214_214409_jpg.rf.6ZH0u3sULW4uQTjnp82d.jpg,train,6
train/images/20240214_214417_jpg.rf.00gJfS1wZwyMHbdYXOWs.jpg,train,6
train/images/20240214_214444_jpg.rf.HQpKJBscMXTMVrFEd5b0.jpg,train,6
train/images/20240214_214524_jpg.rf.GSykvwsOzKHesh1R7s5N.jpg,train,6
train/images/20240214_214528_jpg.rf.NNAXGNLbwGQp8sa4GE7v.jpg,train,6
train/images/20240214_214537_jpg.rf.S7lsByoTPBwWMCQCAZWm.jpg,train,6
train/images/20240214_214609_jpg.rf.u1zoQ70238JgCm89jXkB.jpg,train,6
train/images/20240214_214626_jpg.rf.jweMvz8wvGdjPwgsRxWg.jpg,train,6
train/images/20240214_214738_jpg.rf.m1T6OjebsnqrCKG994Bm.jpg,train,6
train/images/20240214_214744_jpg.rf.8brvIHn5l9AGGx4APQfx.jpg,train,6
train/images/20240214_214756_jpg.rf.CBtrQptihJr3ih2WRiID.jpg,train,6
train/images/20240214_214804_jpg.rf.GpVIEznbOpvW6eaCdKw0.jpg,train,6
train/images/20240214_214819_jpg.rf.njqcs7UXnI6N0vPpLT6R.jpg,train,6
train/images/20240214_215031_jpg.rf.f3kOjAcc1a1OvSuRK2YE.jpg,train,6
train/images/20240214_215316_jpg.rf.7KWK49rSoDEYiMXML8hV.jpg,train,6
train/images/20240214_215328_jpg.rf.u46S2TfySEXY7fIDH2sv.jpg,train,6
train/images/20240214_215436_jpg.rf.dXDTvGUM4Hj6UDx0pl1c.jpg,train,6
train/images/20240214_215505_jpg.rf.plzASjziv84Pua8N5Y5w.jpg,train,6
train/images/20240214_215522_jpg.rf.4aZWWxSnjnqb5euOJe8x.jpg,train,6
train/images/20240214_215811_jpg.rf.OQ8LIcwlbN7gT8EFLANn.jpg,train,6
train/images/20240214_215819_jpg.rf.35koEIucMlT6ZrTmOr24.jpg,train,6
train/images/20240214_215912_jpg.rf.zkp6YoyVru6csV720RAD.jpg,train,6
train/images/20240214_215939_jpg.rf.5QaYEeMoqeVNp2W6Pyo5.jpg,train,6
train/images/20240214_215944_jpg.rf.MIrKrFkRHC1R7i2nw755.jpg,train,6
train/images/20240214_220006_jpg.rf.rtLeUmCsuCu8zkYsIZTk.jpg,train,6
train/images/20240214_220015_jpg.rf.eBCB1xfp0kC5ugqBrFcd.jpg,train,6
train/images/20240214_220020_jpg.rf.TA41rwjbB1n0U2Q6f91J.jpg,train,6
train/images/20240214_220307_jpg.rf.7VresQomHwb5Ubis75Ve.jpg,train,6
train/images/20240214_220328_jpg.rf.yctRvOSqs45V3hI0W6fb.jpg,train,6
train/images/20240214_220949_jpg.rf.iFkHn9ndgW05hMhsl80x.jpg,train,6
train/images/20240214_225311_jpg.rf.Y1A7bY6tW5tOUVTtr3hd.jpg,train,6
train/images/20240214_225448_jpg.rf.cKpMRaTNSpTMwd2XB6AS.jpg,train,6
train/images/20240214_225555_jpg.rf.r2RRHCvUbJ0St3kdv3pj.jpg,train,6
train/images/20240216_140538_jpg.rf.it3qi8bx7NZtJWWxlbnr.jpg,train,6
train/images/20240216_143435_jpg.rf.2tiV3ULfLGD0So3XmODJ.jpg,train,6
train/images/20240216_143450_jpg.rf.BfreUaeWEjhF2HbVh0xF.jpg,train,6
train/images/20240216_143452_jpg.rf.DS7S9UEzIwvRAWQzwLtS.jpg,train,6
train/images/20240216_143455_jpg.rf.kVjorU9k9AupIm6QXcbV.jpg,train,6
train/images/20240216_143624_jpg.rf.wJTKDSBw556ZPI9Okdaq.jpg,train,6
train/images/20240216_143709_jpg.rf.Us8EgxFIMr5uHtuHkkv4.jpg,train,6
train/images/20240216_143931_jpg.rf.a6h2mIRVkQl7BSYh3T09.jpg,train,6
train/images/20240216_151628_jpg.rf.dzlto8enHGGhciKl61eq.jpg,train,6
train/images/20240216_151857_jpg.rf.Vwkoa2a77VVIjC9s0kRS.jpg,train,6
train/images/20240216_151858_jpg.rf.1AXqEQCPkJkdUHlwYyli.jpg,train,6
train/images/20240216_152018_jpg.rf.dKYN5zVmQrcHajkYWJHq.jpg,train,6
train/images/20240216_152023_jpg.rf.uykhzOvLCdDJo5lUOHzh.jpg,train,6
train/images/20240216_152151_jpg.rf.El2vPdWhHDWVemR1uIaO.jpg,train,6
train/images/20240216_152202_jpg.rf.WyvXssELBRcwtARUCXHg.jpg,train,6
train/images/20240216_152256_jpg.rf.V605TXRcpheyUe1G5CUL.jpg,train,6
train/images/20240216_152304_jpg.rf.nuP7EGGCJF4vNAbYt0rg.jpg,train,6
train/images/20240216_152349_jpg.rf.7ETs9evXZokhYDRISevU.jpg,train,6
train/images/20240216_152403_jpg.rf.SNmitl023ARjL0AwYsz3.jpg,train,6
train/images/20240216_155653_jpg.rf.xbOd287Yeszv2ROJrmqj.jpg,train,6
train/images/20240216_160554_jpg.rf.7KNXHAzhcbTpFQu7l2kK.jpg,train,6
train/images/20240216_161238_jpg.rf.0tpqLB8lzBIYPfwfF4vv.jpg,train,6
train/images/20240216_164257_jpg.rf.c56QvFOn52OQ8mAPiK0T.jpg,train,6
train/images/20240216_164430_jpg.rf.Po1IOaJgm3YjcJqAuqXp.jpg,train,6
train/images/20240216_164821_jpg.rf.XTU22xQW2QeqUj6tYEHk.jpg,train,6
train/images/20240216_164822_jpg.rf.D6Fr9NZ8ZcicuPZRAbgx.jpg,train,6
train/images/20240216_164920_jpg.rf.909iOdJCz6nI0Lj15oko.jpg,train,6
train/images/20240216_165525_jpg.rf.0nIhyebdTC8HgT9KE8U6.jpg,train,6
train/images/20240216_170544_jpg.rf.5xHLiXt3MD1ZEkwcOrJd.jpg,train,6
train/images/20240216_170604_jpg.rf.1Kvnr81HhO3zQ0zW8k83.jpg,train,6
train/images/20240216_170639_jpg.rf.lIhAXs9IrjnCMSydYvqy.jpg,train,6
train/images/20240216_171415_jpg.rf.k02oHPwfC6Xgcb9qOWoY.jpg,train,6
train/images/20240216_171456_jpg.rf.pttw1GTHdpe5eTDlNONZ.jpg,train,6
train/images/20240216_171817_jpg.rf.eDiGUvF19BAncpwdd3SR.jpg,train,6
train/images/20240216_201920_jpg.rf.4epmCMZ93rYTGzoLW1F9.jpg,train,6
train/images/20240216_202005_jpg.rf.IjzfOQ8fFBARFwxc4AEP.jpg,train,6
train/images/20240216_202035_jpg.rf.vWi5w5sQNfF7WPlLYfEA.jpg,train,6
train/images/20240216_202125_jpg.rf.ZxGiYoB9SaLpo9A3AyJN.jpg,train,6
train/images/20240216_202156_jpg.rf.XWMZ8KJQM4fLkiYyR3H7.jpg,train,6
train/images/20240216_202418_jpg.rf.Bic8krVkGp5GW8EYrqlz.jpg,train,6
train/images/20240216_202536_jpg.rf.dZi7Roj1wEWBdP44Ug8F.jpg,train,6
train/images/20240216_202834_jpg.rf.UP2mLWWzCvJexKeNaFMQ.jpg,train,6
train/images/20240216_202846_jpg.rf.N4zoYieqmV7QGHWczjoz.jpg,train,6
train/images/20240216_202849_jpg.rf.BD1G1RjPC9teHh2rlqS7.jpg,train,6
train/images/20240216_202853_jpg.rf.twRxt3A1UNRAQFkBbMbI.jpg,train,6
train/images/20240216_202855_jpg.rf.yyHn0HayLY7iEjdT4CW3.jpg,train,6
train/images/20240216_202859_jpg.rf.I0BuIS3vjkXnnaw5iwOr.jpg,train,6
train/images/20240216_203219_jpg.rf.uACDiGoeGgh8jeoPpHig.jpg,train,6
train/images/20240216_203343_jpg.rf.pmNNHxBG8409M71HbUqy.jpg,train,6
train/images/20240216_205348_jpg.rf.vD8k9TgeF11ZjM50zoRh.jpg,train,6
train/images/20240216_205354_jpg.rf.m7iPf3duDoEvsWToBKTh.jpg,train,6
train/images/20240216_205427_jpg.rf.quAQZ7fqvLvi95iIqjzr.jpg,train,6
train/images/20240216_205457_jpg.rf.DF2JXtMGskBaQ1a04O3U.jpg,train,6
train/images/20240216_205600_jpg.rf.YrrllThhhg1TfHyo4z0R.jpg,train,6
train/images/20240216_205834_jpg.rf.qZLMIIS9OKpsBviQOiA2.jpg,train,6
train/images/20240216_205858_jpg.rf.AwjcViRSO3hbY0bcXzmE.jpg,train,6
train/images/20240216_210259_jpg.rf.EGjt7L5565C8mGeesj39.jpg,train,6
train/images/20240216_213520_jpg.rf.I44wMcwmnhZFRz1qtPCH.jpg,train,6
train/images/20240216_213626_jpg.rf.VJIUTc1aohcnIR19x5tG.jpg,train,6
train/images/20240216_213629_jpg.rf.1QYipUnbHBJMUajLHyJN.jpg,train,6
train/images/20240216_213755_jpg.rf.nLWIoLtw9kEHIOeDQPn0.jpg,train,6
train/images/20240216_220540_jpg.rf.TT3MthsQJNHVW8FNQvuw.jpg,train,6
train/images/20240216_222658_jpg.rf.rBEJccqmh3wEeC63Hi9K.jpg,train,6
train/images/20240216_222715_jpg.rf.4MD3cBNHEShkp7D7cDZs.jpg,train,6
train/images/20240217_191228_jpg.rf.E7rBykokVlYJIFJwBN4m.jpg,train,6
train/images/20240218_144803_jpg.rf.oCqhBwWeHNT54D2hmIwx.jpg,train,6
train/images/20240218_144826_jpg.rf.skoO8UvGqfS7FnJwLM7E.jpg,train,6
train/images/20240218_144854_jpg.rf.sAV75wtwxvb2T2jMtddg.jpg,train,6
train/images/20240218_144937_jpg.rf.Z7Xm2tChpyGUwL2Soz7T.jpg,train,6
train/images/20240218_144944_jpg.rf.VMo35wAdZLT4vg7afLRL.jpg,train,6
train/images/20240218_144952_jpg.rf.NR4yQ5JQ2qXpSbu4Fgvh.jpg,train,6
train/images/20240218_145138_jpg.rf.h5H1GvaN6BkbujzgX047.jpg,train,6
train/images/20240218_145143_jpg.rf.njUuZN7bFlFoCPq60b63.jpg,train,6
train/images/20240218_145148_jpg.rf.djQCxmX1Kem5aOKfYCiU.jpg,train,6
train/images/20240218_145154_jpg.rf.tZjyGtsj87el8lz30xF6.jpg,train,6
train/images/20240218_145157_jpg.rf.WIHSmlV0XUi3YkCaYmFc.jpg,train,6
train/images/20240218_145214_jpg.rf.TWU5FTIU3BN4V99rFfmh.jpg,train,6
train/images/20240218_145323_jpg.rf.BqBJvQ9dcj2n0NRyEAWE.jpg,train,6
train/images/20240218_145335_jpg.rf.Q6co17flSzC3ti6BgaMz.jpg,train,6
train/images/20240218_145755_jpg.rf.JCFSo3gmh4Bk3HZxrZtM.jpg,train,6
train/images/20240218_145829_jpg.rf.0h8yg9AXF5y0s8WA9WlE.jpg,train,6
train/images/20240218_145919_jpg.rf.0ql6q7D5E852jMGaLDni.jpg,train,6
train/images/20240218_145946_jpg.rf.CEY1OfYYT8TpvR7RK65X.jpg,train,6
train/images/20240218_150656_jpg.rf.IXBHJ1jGklzVRddGKMZx.jpg,train,6
train/images/20240218_150933_jpg.rf.vP7Kn24O0fYuq9bT9OXJ.jpg,train,6
train/images/20240218_151033_jpg.rf.DWeAz4EC5jy5y9J5i53J.jpg,train,6
train/images/20240218_151519_jpg.rf.OKeHzi46eDwk89j9pcG7.jpg,train,6
train/images/20240218_152056_jpg.rf.Zkr5M4Y4euD0a25vK8nV.jpg,train,6
train/images/20240218_152126_jpg.rf.PsTZVbrbHedpfFvFWLN2.jpg,train,6
train/images/20240218_152230_jpg.rf.3YADK2i7XFt0O8QAtn9d.jpg,train,6
train/images/20240218_152241_jpg.rf.5o1ky5cPLRkp23GmNtRy.jpg,train,6
train/images/20240218_152620_jpg.rf.cmwUClsoEmws85JrJA1S.jpg,train,6
train/images/20240218_152636_jpg.rf.yw7bgDSw0stGvJ7tDY1D.jpg,train,6
train/images/20240218_152917_jpg.rf.m9q29OkP4fsZSCfbvEM1.jpg,train,6
train/images/20240218_152922_jpg.rf.P8GDpoqPrkfR5OFHWYiQ.jpg,train,6
train/images/20240218_152927_jpg.rf.69LwbLNak6tpo8udcN4t.jpg,train,6
train/images/20240218_152941_jpg.rf.zyiNZYEMO7Bn1tt3IXp9.jpg,train,6
train/images/20240218_153017_jpg.rf.dOs6QzWbsVPfANt15LCw.jpg,train,6
train/images/20240218_153057_jpg.rf.wPbHdEfRETog1wYEgzIv.jpg,train,6
train/images/20240218_153118_jpg.rf.igUmR8AHDn7csmD7ckXB.jpg,train,6
train/images/20240218_153131_jpg.rf.YAbbgQUUKgUxk4BL9EJ2.jpg,train,6
train/images/20240218_153153_jpg.rf.SGJlBIhz9rNGgPONCsb9.jpg,train,6
train/images/20240218_153328_jpg.rf.39YJOj7bjbsYtL26fvl7.jpg,train,6
train/images/20240218_153337_jpg.rf.hVrNeWD8woNkEK1aceNv.jpg,train,6
train/images/20240218_153400_jpg.rf.DQ1HZPMwrAjdwwHXKEav.jpg,train,6
train/images/20240218_153440_jpg.rf.e6f6ua4t7uoXsDRSsd8a.jpg,train,6
train/images/20240218_153445_jpg.rf.fenXiU104uFfpiGrrMpC.jpg,train,6
train/images/20240218_153506_jpg.rf.lvKH8r6QNla1SWnvDuKr.jpg,train,6
train/images/20240218_153514_jpg.rf.rL9yv5uk0l3Vc2UgWD84.jpg,train,6
train/images/20240218_154435_jpg.rf.OW28FXuvi4gVhz8TFkbq.jpg,train,6
train/images/20240218_154457_jpg.rf.FHdmCi6ikj5hpfrVGFuV.jpg,train,6
train/images/20240218_154631_jpg.rf.8YThhcR9Yzxl1qxXAKxd.jpg,train,6
train/images/20240218_154711_jpg.rf.Xao7d2BZ1MvyDtJxM1qy.jpg,train,6
train/images/20240218_154837_jpg.rf.PlcZfGeaamgvIuxr06Wl.jpg,train,6
train/images/20240218_155344_jpg.rf.LpxUwgdi2Y3QiDjYtdt5.jpg,train,6
train/images/20240218_155418_jpg.rf.wzQzyNCMYT6GaIolooTA.jpg,train,6
train/images/20240218_155911_jpg.rf.x7CDAM7S8PlAq9ZqlMHl.jpg,train,6
train/images/20240218_160002_jpg.rf.KsnUGvW6vHyZOuQmywN3.jpg,train,6
train/images/20240218_160005_jpg.rf.6yC7Ool3ztbe9ibR87Es.jpg,train,6
train/images/20240218_160023_jpg.rf.2XiPn8aEaGWpfJVOSZkX.jpg,train,6
train/images/20240218_160041_jpg.rf.k5fMCr6kI7OJ5P8GfDm0.jpg,train,6
train/images/20240218_160045_jpg.rf.rDpGtzpF8qOBe5zoQFqt.jpg,train,6
train/images/20240218_160130_jpg.rf.uUpLRYIlxjXltXn5PLBM.jpg,train,6
train/images/20240218_160151_jpg.rf.Q59TDsaAkgzbAAC7kHwx.jpg,train,6
train/images/20240218_160722_jpg.rf.WbQombZgiLCkn4cyjEAY.jpg,train,6
train/images/20240218_160834_jpg.rf.BWzPzOeGHvRJrrLrztK1.jpg,train,6
train/images/20240218_161721_jpg.rf.rDn8M4vjnnOCnCU06P4S.jpg,train,6
train/images/20240218_161732_jpg.rf.H6VxPMwRIBk9uCCqosgs.jpg,train,6
train/images/20240218_161824_jpg.rf.bshJkrM6okhs6tNZbSrP.jpg,train,6
train/images/20240218_171450_jpg.rf.ueZumDYZ2RnoJsyQ7gbh.jpg,train,6
train/images/20240218_173220_jpg.rf.mqkC2BEgMrlUP12cYo5i.jpg,train,6
train/images/20240220_153844_jpg.rf.tnyZB5iBMGXpnAfaGkCX.jpg,train,6
train/images/20240220_153901(0)_jpg.rf.fi1rzEs2zDYkU5SIdgFb.jpg,train,6
train/images/20240220_153905_jpg.rf.zGNEb5NXwy3sKmO5LZPn.jpg,train,6
train/images/20240220_153913_jpg.rf.OC0UjT7pDRJWUbVspQPM.jpg,train,6
train/images/20240220_153922_jpg.rf.YDRip8PHlHGMjTqzJLp5.jpg,train,6
train/images/20240220_153928_jpg.rf.PDhae9bSqo51TfsHWmhY.jpg,train,6
train/images/20240220_153937_jpg.rf.SzWYVZqoPDLLMOG5bfYg.jpg,train,6
train/images/20240220_153944_jpg.rf.dPQNLlSXuVGbbHUQQUu6.jpg,train,6
train/images/20240220_154300_jpg.rf.QEg8csCBle7vr7J48Eae.jpg,train,6
train/images/20240222_163720_jpg.rf.0naDFk3FSu7FubT0dEGF.jpg,train,6
train/images/20240222_163732_jpg.rf.elQioj6ApsbgVGFA3FrS.jpg,train,6
train/images/20240222_163735_jpg.rf.vAW8Inn6MaMJH8ZV62r8.jpg,train,6
train/images/20240222_163742_jpg.rf.8SVRqV3sJlSo17Nee6u3.jpg,train,6
train/images/20240222_163752_jpg.rf.vO7x6C8SWDGQcvxxFslk.jpg,train,6
train/images/20240222_164102_jpg.rf.o0Y4iG3fjcSEhfwaxLyN.jpg,train,6
train/images/20240222_164256_jpg.rf.spgDNLGTTb9UwB9f97e2.jpg,train,6
train/images/20240222_164355_jpg.rf.3sCyzoULtyMYlAWL5GfC.jpg,train,6
train/images/20240222_164404_jpg.rf.NEnu0BNuUgschVpMtSoD.jpg,train,6
train/images/20240222_165201_jpg.rf.E9eqwZlzkvxpXP04D92N.jpg,train,6
train/images/20240222_171547_jpg.rf.B5IKmCkAC6QHsOKtcnT7.jpg,train,6
train/images/20240222_171603_jpg.rf.BoHq589DM5f3NVpDZ6ER.jpg,train,6
train/images/20240222_171605_jpg.rf.B4xbLqF4UBnE4yOEbURg.jpg,train,6
train/images/20240222_171614_jpg.rf.tn84Z5VnJxcPmuFCFr5Q.jpg,train,6
train/images/20240222_171643_jpg.rf.cNuzi8tGkreGFQwWiZRR.jpg,train,6
train/images/20240222_172343_jpg.rf.y9hZVuHhZeIy7szAplfb.jpg,train,6
train/images/20240222_172508_jpg.rf.sSzwhxDLOrdiKVmq6zj2.jpg,train,6
train/images/20240222_172510_jpg.rf.3nUHvpEHQPSIpajIKZDX.jpg,train,6
train/images/20240222_173640_jpg.rf.vrYPb0MAYYKW06v9CQL3.jpg,train,6
train/images/20240225_110409_jpg.rf.dmYCLg8tBdTVCFLPFuX6.jpg,train,6
train/images/20240225_121742_jpg.rf.EZUpS3aIEYBcEyvY7ave.jpg,train,6
train/images/20240227_181030_jpg.rf.a3VfuiFUSWOAP6OxjFAz.jpg,train,6
train/images/20240228_161926_jpg.rf.J6jdXzO03RSBtEJUI5vH.jpg,train,6
train/images/20240228_162356_jpg.rf.HqwDs60mvBiLoiqTV6nM.jpg,train,6
train/images/20240228_162437_jpg.rf.MFPS8IzfYr9p9QswhPSE.jpg,train,6
train/images/20240228_162457_jpg.rf.9LJORLF5x1nkw1pxcjiD.jpg,train,6
train/images/20240228_162458_jpg.rf.y9XqmcMwLXHXKSO2s9dg.jpg,train,6
train/images/20240228_162515_jpg.rf.GU55YBMwZc8DeBjyj1fx.jpg,train,6
train/images/20240228_162524_jpg.rf.Z6PrqbKEmGi8AGYYnD38.jpg,train,6
train/images/20240228_162538_jpg.rf.NjwKCw4MMCY7tRQUQACg.jpg,train,6
train/images/20240228_162548_jpg.rf.yHxFs2bNrF1u1s995pPW.jpg,train,6
train/images/20240228_162631_jpg.rf.SacNtfIdkoFEC1lCwlSf.jpg,train,6
train/images/20240228_162641_jpg.rf.mhEkqCRGHyqHlzuHd8Ly.jpg,train,6
train/images/20240228_162656_jpg.rf.CIIN2lb4it9jbWRX4z0c.jpg,train,6
train/images/20240228_162708_jpg.rf.I4IfUJgdl3fb9FXGrWRu.jpg,train,6
train/images/20240228_162726_jpg.rf.6pVeqomi3wbVBVMfOiku.jpg,train,6
train/images/20240228_173902_jpg.rf.vOCMLMMfkNTvrZj7ww2K.jpg,train,6
train/images/20240228_173923_jpg.rf.Jov7WaNmaXgjwBsGuXXn.jpg,train,6
train/images/20240228_173956_jpg.rf.Evr6QL8jGIhnqKFN1Rql.jpg,train,6
train/images/20240228_174008_jpg.rf.NvDMHIe6ehh9ELCPKDch.jpg,train,6
train/images/20240228_174116_jpg.rf.0F60FvbQWKRhXPdWn2uZ.jpg,train,6
train/images/20240228_174145_jpg.rf.mkiQi8LRFDA1ahK5odpP.jpg,train,6
train/images/20240228_174326_jpg.rf.89zOJOD8I75Iqz9UuG8a.jpg,train,6
train/images/20240228_174609_jpg.rf.XWJ4qgwdxMVsCkaFPn6z.jpg,train,6
train/images/20240228_175426_jpg.rf.nt9LN6rALaJPOSFk20Bw.jpg,train,6
train/images/20240229_171013_jpg.rf.1lMgUgEl27xcurrNChdp.jpg,train,6
train/images/20240229_171747_jpg.rf.WvyewRkyS3lTtVDkotGy.jpg,train,6
train/images/20240229_171758_jpg.rf.1IvDEZVgyD79T8OSOEnb.jpg,train,6
train/images/20240229_173700_jpg.rf.jrk5Q7L1knWVdPPY2KWq.jpg,train,6
train/images/20240301_160353_jpg.rf.FmdXT7yUFze7M3oj1JpL.jpg,train,6
train/images/20240301_172614_jpg.rf.vmrieZ2Lmg09KIJU66zK.jpg,train,6
train/images/20240301_173557_jpg.rf.WochGu6mXCaMETYMZRD7.jpg,train,6
train/images/20240301_173603_jpg.rf.3fQ4F5tUw1jbmFNORXIE.jpg,train,6
train/images/20240301_175243_jpg.rf.JoNkdtGdrgi5ok36teQ1.jpg,train,6
train/images/20240301_175534_jpg.rf.V9brmkE7dAZurjd9w1ku.jpg,train,6
train/images/20240301_180011_jpg.rf.guQ4fx6cswaAR2gIFVsH.jpg,train,6
train/images/20240301_180045_jpg.rf.F2ggaGOGLIF4PTy9GPq0.jpg,train,6
train/images/20240302_174133_jpg.rf.8NearcRTKetVrn1oMCbT.jpg,train,6
train/images/20240304_122329_jpg.rf.nqluMG2yC0EIEHy29ttQ.jpg,train,6
train/images/20240306_110228_jpg.rf.6kDxMgXoUg9EgrMoGQrz.jpg,train,6
train/images/20240306_110230_jpg.rf.1KhQDhvRtnGPRZ7UJ2MW.jpg,train,6
train/images/20240306_110251_jpg.rf.w8nwzkVoxVcrVXttwlq6.jpg,train,6
train/images/20240307_145224_jpg.rf.xc0k03JYft1dE2rhPxAh.jpg,train,6
train/images/20240307_145238_jpg.rf.YWodiysdD3B10wVV9T87.jpg,train,6
train/images/20240307_145334_jpg.rf.aVJbQ36s0V8A3yuviXFZ.jpg,train,6
train/images/20240307_145404_jpg.rf.8FexlowvtYVxMF8xBFlf.jpg,train,6
train/images/20240307_145415_jpg.rf.bgubWKbAtk1GdohgXM8l.jpg,train,6
train/images/20240307_145425_jpg.rf.5GRaFB6GCQhtATGZmSXb.jpg,train,6
train/images/20240307_145434_jpg.rf.3XUs4VCZHMaaW0a6Pjuv.jpg,train,6
train/images/20240307_145610_jpg.rf.gld95JQQMskjL4yqHJQS.jpg,train,6
train/images/20240307_145612_jpg.rf.1bDpHLAmntouJHgUBuG2.jpg,train,6
train/images/20240307_145633_jpg.rf.OMzyYTZbXpgxNt9yGVPG.jpg,train,6
train/images/20240307_145636_jpg.rf.goMgtmEoRNHoHT2R0pTv.jpg,train,6
train/images/20240307_145707_jpg.rf.vwNpUxqycyMaLzsqn6SD.jpg,train,6
train/images/20240307_145836_jpg.rf.Zrguq2R8cuV7V0cqHTmO.jpg,train,6
train/images/20240307_145842_jpg.rf.4P8eLvtb8Zh7Loe9Spss.jpg,train,6
train/images/20240307_145848_jpg.rf.drzKXk8wD4RVPXEuFj2j.jpg,train,6
train/images/20240307_145858_jpg.rf.wdhAhtIZs9xNWcwnPepQ.jpg,train,6
train/images/20240307_152051_jpg.rf.iKRxPvrD34eyDmSrFPct.jpg,train,6
train/images/20240307_152219_jpg.rf.XSLol1p7ZxcayPMSdxVa.jpg,train,6
train/images/20240307_152220_jpg.rf.CBRAqjTFsKEe7SlYiuc5.jpg,train,6
train/images/20240307_152229_jpg.rf.G19UHOYs71czODPcUohd.jpg,train,6
train/images/20240307_152302_jpg.rf.rlcKM7cXpuw5UX2KuNJR.jpg,train,6
train/images/20240307_152319_jpg.rf.mk92TjqhamTCdgEUKS78.jpg,train,6
train/images/20240307_152330_jpg.rf.m75csmetsqALl9NxDv9a.jpg,train,6
train/images/20240307_152355_jpg.rf.4bNGWuPplOBdxbPNpc11.jpg,train,6
train/images/20240307_152404_jpg.rf.2sAy6fzsC3CYfRoxip4d.jpg,train,6
train/images/20240307_152408_jpg.rf.Pmej8CKzqCfWw9avdZQC.jpg,train,6
train/images/20240307_152427_jpg.rf.kmGq7PdaoG6c9WeqM6S4.jpg,train,6
train/images/20240307_152428_jpg.rf.kpHkZjyI0KI4yxZuaxZq.jpg,train,6
train/images/20240307_152437_jpg.rf.n0K9EmzSdq44MmdylijK.jpg,train,6
train/images/20240307_152716_jpg.rf.JgrMD2jEBEfCJcF4A9V5.jpg,train,6
train/images/20240307_152743_jpg.rf.4pjYFo4cBikQKi8ijzCF.jpg,train,6
train/images/20240307_152820_jpg.rf.n2FVlsqN0UuyhvRqcZ2Q.jpg,train,6
train/images/20240307_152827_jpg.rf.AEUK72szOj37veL2BoPj.jpg,train,6
train/images/20240307_152835_jpg.rf.KgHoDHzh9z2aQ8A7FUlj.jpg,train,6
train/images/20240307_163041_jpg.rf.SOcyesc9D9dIdNByYvpY.jpg,train,6
train/images/20240307_172729_jpg.rf.rDAxG3w3xSoHb4kv8jay.jpg,train,6
train/images/20240307_172750_jpg.rf.vnTKDIx1jnwWySNtgDnr.jpg,train,6
train/images/20240307_172818_jpg.rf.g8ypXc7RUfBm4MXwm4Eb.jpg,train,6
train/images/20240307_172832_jpg.rf.dVEQkouKgPynmPAteFxj.jpg,train,6
train/images/20240307_172917_jpg.rf.W9gbzNyIvjpFl5DDWXnV.jpg,train,6
train/images/20240307_172934_jpg.rf.TdanD5telApIvD5sVooL.jpg,train,6
train/images/20240307_173719_jpg.rf.vyxeoDPK2nBEVm0s7Md7.jpg,train,6
train/images/20240307_173734_jpg.rf.IhtcBMK0EFQzGeQwP3dQ.jpg,train,6
train/images/20240307_173800_jpg.rf.J86TFBTDpCiUfLtar9lJ.jpg,train,6
train/images/20240307_174603_jpg.rf.qL3FcauLAC59HTGd8wiH.jpg,train,6
train/images/20240307_175659_jpg.rf.YQG0bYqONR6tkIgCmFib.jpg,train,6
train/images/20240307_175705_jpg.rf.IBrmPYR8eMXGidv6qU28.jpg,train,6
train/images/20240307_175736_jpg.rf.o02tmglPI88Y3v0hScXu.jpg,train,6
train/images/20240307_180159_jpg.rf.z7oMcBRF9NzaR8QoHOuE.jpg,train,6
train/images/20240307_195013_jpg.rf.6FHPulNJn8Uu4i1Z8IdG.jpg,train,6
train/images/20240307_203740_jpg.rf.tMROrUScmVWF98rCkOVh.jpg,train,6
train/images/20240307_203746_jpg.rf.pHsyRpjsLmIgzzWpQDfA.jpg,train,6
train/images/20240307_203801_jpg.rf.Bg0Y1T3o73rGDGg1uVYL.jpg,train,6
train/images/20240307_203805_jpg.rf.OSAdzl43S9hWLiSgDv1J.jpg,train,6
train/images/20240308_151251_jpg.rf.JrPYQfH2V42zAX6rVVwC.jpg,train,6
train/images/20240308_151722_jpg.rf.2fAJj2jJcahlr3JCx03D.jpg,train,6
train/images/20240308_162805_jpg.rf.XxSLVuMOa3eW6fzGmwVN.jpg,train,6
train/images/20240308_162813_jpg.rf.AN5BOK3UJ4f7wHf2dLhs.jpg,train,6
train/images/20240308_162815_jpg.rf.D00pdAOKIddc6p0k0keA.jpg,train,6
train/images/20240308_162827_jpg.rf.O4vWqewjaNpZ7oRp2ayF.jpg,train,6
train/images/20240308_162833_jpg.rf.DdBd8FJrF6XMIo960Hsf.jpg,train,6
train/images/20240308_162847_jpg.rf.2QWgoVQWP2QDWIs1PutK.jpg,train,6
train/images/20240308_162859_jpg.rf.e99QJ1uzTQ2SOaKqvkzD.jpg,train,6
train/images/20240308_162916_jpg.rf.8geDxrr0o4eFOVi6qQNB.jpg,train,6
train/images/20240310_154419_jpg.rf.YBk5qpsvnyMWmDl0aFAf.jpg,train,6
train/images/20240310_154444_jpg.rf.r7u45LorQ11owLsHDt6e.jpg,train,6
train/images/20240310_154629_jpg.rf.40nrDjHvrwav4zWBqfG7.jpg,train,6
train/images/20240310_154650_jpg.rf.yCECcNXFmOYe8aXn2il9.jpg,train,6
train/images/20240310_154653_jpg.rf.4kuo4WbNg8ei9wesnIza.jpg,train,6
train/images/20240310_154707_jpg.rf.tuDeh90E2j1o1ksm2kUg.jpg,train,6
train/images/20240310_154732_jpg.rf.WXYQv9gd936UsvgIFD9U.jpg,train,6
train/images/20240310_154745_jpg.rf.gPiGhrxs7U7xi7LWjtmR.jpg,train,6
train/images/20240310_154829_jpg.rf.eXlpkuLXX5C2btAsZ1m6.jpg,train,6
train/images/20240310_154937_jpg.rf.DI749AGn2s3mQHEWiQ13.jpg,train,6
train/images/20240310_155000_jpg.rf.xvehjE3aCQceBreX6Iao.jpg,train,6
train/images/20240310_155022_jpg.rf.sf47kLP0k4sbU0y6Je1v.jpg,train,6
train/images/20240310_155052_jpg.rf.NtIl1hw8beudPcGfaEBl.jpg,train,6
train/images/20240310_171859_jpg.rf.XLsBfrSD0FvaH03wefs5.jpg,train,6
train/images/20240310_180817_jpg.rf.VhKxZfVzTMYB9eA9zjGd.jpg,train,6
train/images/20240311_144342_jpg.rf.tluMB8cFeqdPoq34mxr8.jpg,train,6
train/images/20240311_144344_jpg.rf.xCQZaGgZSigcFHYIu1zT.jpg,train,6
train/images/20240311_144358_jpg.rf.CCQ02vVaSUBXz5S76cLz.jpg,train,6
train/images/20240311_144413_jpg.rf.eDvIazihiIIHXANdRNvf.jpg,train,6
train/images/20240311_144526_jpg.rf.CeldlRHuPptnJrmk1eBj.jpg,train,6
train/images/20240311_144529_jpg.rf.GFJmyZvj91dCdqUvTpbS.jpg,train,6
train/images/20240311_144542_jpg.rf.Jxjhcm9NjKcLI7AKtNsZ.jpg,train,6
train/images/20240311_144658_jpg.rf.BYjMjVzGMCgLCcR3vV77.jpg,train,6
train/images/20240311_144704_jpg.rf.cuNEh2C2oxt6rfeAxUH1.jpg,train,6
train/images/20240311_144722_jpg.rf.IztzPErTtqzihaiN2zJo.jpg,train,6
train/images/20240311_144733_jpg.rf.9iAvf86EC2KRHre8LDvN.jpg,train,6
train/images/20240311_144755_jpg.rf.o0LYIVSdhjw1dafUUn7S.jpg,train,6
train/images/20240311_174111_jpg.rf.w9THVdUcia2Jv2nLdkMd.jpg,train,6
train/images/20240311_174131_jpg.rf.kLbyrX6ujuNBTHJeHn5t.jpg,train,6
train/images/20240320_215318_jpg.rf.oxzGc9aYvLKW0bcDiZP6.jpg,train,6
train/images/20240324_131544_jpg.rf.rc5LSdoETFYXKttaws3j.jpg,train,6
train/images/20240324_204352_jpg.rf.IeeUuvzuM5UgH7tydehA.jpg,train,6
train/images/20240503_171656_jpg.rf.5IaD3DksdLUfdPb4Byna.jpg,train,6
train/images/20240503_171658_jpg.rf.fNEyFgNxQzwIvppo6OOa.jpg,train,6
train/images/20240503_215220_jpg.rf.NmIkd4EvwPO9WMNRESd2.jpg,train,6
train/images/20240505_152539_jpg.rf.mTqQbS00PDHQ0anoCelM.jpg,train,6
train/images/IMG_20240211_144142_jpg.rf.rKjo17EXOBthyeyhyuXq.jpg,train,0
train/images/IMG_20240211_144320_jpg.rf.d7J7GtOFEPaDrb6GlSzX.jpg,train,0
train/images/IMG_20240211_144522_jpg.rf.ZAPa8o1Zx2dlEWKpleKR.jpg,train,0
train/images/IMG_20240211_144539_jpg.rf.NxtEtRvxPpUoazQR61JR.jpg,train,0
train/images/IMG_20240211_145324_jpg.rf.Tt33xLJwKL3bpT1yQU2O.jpg,train,0
train/images/IMG_20240211_145426_jpg.rf.1FoZvHvdrYWVNJ6r9wqg.jpg,train,0
train/images/IMG_20240211_145458_jpg.rf.BqHJ13eaYQ5x2KoEOZyX.jpg,train,0
train/images/IMG_20240211_150115_jpg.rf.3P0cDm87BiqQNgJJDqiO.jpg,train,0
train/images/IMG_20240211_150128_jpg.rf.2NsuvyPyG6THfCNDx6OZ.jpg,train,0
train/images/IMG_20240211_150157_jpg.rf.HU3pHiBoZtaQLwyHQLRR.jpg,train,0
train/images/IMG_20240211_150432_jpg.rf.zZ6HNzDDJFFQgRKzgBV7.jpg,train,0
train/images/IMG_20240211_150519_jpg.rf.C5KUdsJ3Q5EikMzCyRbQ.jpg,train,0
train/images/IMG_20240211_151014_jpg.rf.Igo8n0MaGlMhhysNnxaz.jpg,train,0
train/images/IMG_20240211_151038_jpg.rf.8M0xB056N5BNbxLfDezk.jpg,train,0
train/images/IMG_20240211_151043_jpg.rf.UbMvGDLwg6O0CnHH6CbR.jpg,train,0
train/images/IMG_20240211_151106_jpg.rf.UQHLZ9NohicNw9w7rWV2.jpg,train,0
train/images/IMG_20240211_151204_jpg.rf.Y8Wp1nJH5UhbAM3EEVMv.jpg,train,0
train/images/IMG_20240211_151213_jpg.rf.uHsGciijeTzCoqarx1ht.jpg,train,0
train/images/IMG_20240211_151248_jpg.rf.qCXN8tTv0izWrKaHeOVg.jpg,train,0
train/images/IMG_20240211_151329_jpg.rf.iizz5AhaWjFE6CTAHrmN.jpg,train,0
train/images/IMG_20240211_151402_jpg.rf.JgDVrAdq5OEuRFIc0OBp.jpg,train,0
train/images/IMG_20240211_151423_jpg.rf.ex4H1eQbSIIPzdHk0PEK.jpg,train,0
train/images/IMG_20240211_151426_jpg.rf.d1Tcwbj3mxR4mg67v5WG.jpg,train,0
train/images/IMG_20240211_151520_jpg.rf.h4wTaH9WBBSDxfw48xKS.jpg,train,0
train/images/IMG_20240211_151810_jpg.rf.ZcIQOar17rOLXZrEK9AM.jpg,train,0
train/images/IMG_20240211_151957_jpg.rf.evzCfSYe76lRMbeyWFgf.jpg,train,0
train/images/IMG_20240211_152404_jpg.rf.wwlLpb5dF8RL2v0LrYtI.jpg,train,0
train/images/IMG_20240211_152419_jpg.rf.ZBPhrpwVI1JYzxPnrzA6.jpg,train,0
train/images/IMG_20240211_152522_jpg.rf.S4DAxDxa2gOkJGUKOv1C.jpg,train,0
train/images/IMG_20240211_152549_jpg.rf.Ogdij1EqDps2pxaGlUTr.jpg,train,0
train/images/IMG_20240211_152557_jpg.rf.ZCOEKtfy4vCG69H1aqqz.jpg,train,0
train/images/IMG_20240211_152659_jpg.rf.ZLaPb3d5WdyV73kzZWaI.jpg,train,0
train/images/IMG_20240211_152714_jpg.rf.z9TbpOEsXm4c7RdfxImK.jpg,train,0
train/images/IMG_20240211_152722_jpg.rf.xV3NEful2Jx9wiSJFeQU.jpg,train,0
train/images/IMG_20240211_152729_jpg.rf.xKyIzziitPdo5qrWIfWY.jpg,train,0
train/images/IMG_20240211_161038_jpg.rf.PsqDhZelIIDsQOXLzOJ1.jpg,train,0
train/images/IMG_20240211_161139_jpg.rf.KhORCf0JQgwZaGbR7TeP.jpg,train,0
train/images/IMG_20240211_161222_jpg.rf.eZR5nV9muebvMM8MJBi0.jpg,train,0
train/images/IMG_20240211_161257_jpg.rf.lNj5hlPWNYg36UFtnex7.jpg,train,0
train/images/IMG_20240211_161313_jpg.rf.NE5OT3hTSdqCjoeUPOzw.jpg,train,0
train/images/IMG_20240211_161345_jpg.rf.88CfZtCQzUfSuHAZMXcv.jpg,train,0
train/images/IMG_20240211_161356_jpg.rf.MtLy3hzxpcvMV16lspuX.jpg,train,0
train/images/IMG_20240211_161711_jpg.rf.Y4Ba5DISpIHLeA5zoR8r.jpg,train,0
train/images/IMG_20240211_161736_jpg.rf.DWIClGeGliam3IoQq5vO.jpg,train,0
train/images/IMG_20240211_161815_jpg.rf.cpZrTIebUoHNCbb213jp.jpg,train,0
train/images/IMG_20240211_161947_jpg.rf.Y86mvEpS3JQyFtxvoFnA.jpg,train,0
train/images/IMG_20240211_161954_jpg.rf.Dr9rYQgbaOgGWhWBbRo0.jpg,train,0
train/images/IMG_20240211_161958_jpg.rf.d1AAIVm3XBIRsIVQBakU.jpg,train,0
train/images/IMG_20240211_162226_jpg.rf.5aKgfZilhIG9Dy3EjXCl.jpg,train,0
train/images/IMG_20240211_162358_jpg.rf.3bvgO2RXwXADoe67LcA7.jpg,train,0
train/images/IMG_20240211_162415_jpg.rf.mRbUAruEPKsTY7D4Rd1W.jpg,train,0
train/images/IMG_20240211_162430_jpg.rf.a5RwDOqRzLoDmrThviSk.jpg,train,0
train/images/IMG_20240211_162507_jpg.rf.JKHB5r42O81YwZcGM9bE.jpg,train,0
train/images/IMG_20240211_162527_jpg.rf.qC20GiONWu5MHY4yd31M.jpg,train,0
train/images/IMG_20240211_162552_jpg.rf.rClABejRF1D6TjDLLyh9.jpg,train,0
train/images/IMG_20240211_162553_jpg.rf.bT2wBRbszOU2gCam8a4T.jpg,train,0
train/images/IMG_20240211_162606_jpg.rf.MIR5daOoc8NsUJ6W5fiW.jpg,train,0
train/images/IMG_20240211_162659_jpg.rf.DBMtagfUCfdvbzexGbX1.jpg,train,0
train/images/IMG_20240211_162732_jpg.rf.e8adrjlS4gGfeVwqx0KU.jpg,train,0
train/images/IMG_20240211_162735_jpg.rf.4AEwiYYb3jr7vuVgkmzj.jpg,train,0
train/images/SmartSelect_20240223_100139_Messenger_jpg.rf.YZx2MSbGIrqYWJPXQOec.jpg,train,0
train/images/SmartSelect_20240302_173656_Facebook_jpg.rf.8KZFrHCRjmvQsJoAsvx8.jpg,train,0
train/images/SmartSelect_20240302_173749_Facebook_jpg.rf.O4emszTZgLsdMVE3uAle.jpg,train,0
train/images/SmartSelect_20240302_173934_Facebook_jpg.rf.NqT5bU5jVgXbeBHQoeh4.jpg,train,0
train/images/SmartSelect_20240318_014408_Facebook_jpg.rf.Xl9b0cVFTX7jvIXRR2QC.jpg,train,0
train/images/SmartSelect_20240430_103456_Messenger_jpg.rf.Jvmln2cSJRbyF5ib3gJ1.jpg,train,0
valid/images/20240211_114442_jpg.rf.aF4jZblgQNvLrO9vdcfZ.jpg,val,6
valid/images/20240211_114716_jpg.rf.wMOIEWciGmLvBSl5iJYg.jpg,val,6
valid/images/20240211_131700_jpg.rf.WTzyaHKyanuyOJYKsFo5.jpg,val,6
valid/images/20240211_131707_jpg.rf.Jq5DscF40xI3mPdUbpcF.jpg,val,6
valid/images/20240211_142124_jpg.rf.YstI2apU2O4oxU9lcZLQ.jpg,val,6
valid/images/20240211_142138_jpg.rf.KNXog5eavdbRp4Pp1EMB.jpg,val,6
valid/images/20240211_142156_jpg.rf.6hWwADMAhCiTc8gJrbZ2.jpg,val,6
valid/images/20240211_143927_jpg.rf.NEaokCcHj63kgORURNR2.jpg,val,6
valid/images/20240211_143955_jpg.rf.A9lCOs7Q34sDiTNyrfDs.jpg,val,6
valid/images/20240211_144106_jpg.rf.2xjFIKNNZCLU3RmjQh1f.jpg,val,6
valid/images/20240211_144200_jpg.rf.cbcQ89L11BLAiXOilFXm.jpg,val,6
valid/images/20240211_144228_jpg.rf.zrNxsRhF3KjFEOCIzQ9z.jpg,val,6
valid/images/20240211_144244_jpg.rf.nLMzty6IFN0iEgHejODq.jpg,val,6
valid/images/20240211_144322_jpg.rf.oCF8iXPMvEURZ3HvQeAC.jpg,val,6
valid/images/20240211_144437_jpg.rf.nW7W5Nhal7Z9lxZl03k5.jpg,val,6
valid/images/20240211_144747_jpg.rf.pEWDXDLbzXv8B1P8Y3ZX.jpg,val,6
valid/images/20240211_144813_jpg.rf.xyXkK4K1Ctf61i9DbuKk.jpg,val,6
valid/images/20240211_144937_jpg.rf.Q7who2bAPbsSagUrEPS6.jpg,val,6
valid/images/20240211_144959_jpg.rf.OF51FQr6ZTNmoWHQ21zT.jpg,val,6
valid/images/20240211_145042_jpg.rf.Ub1lHf93lnbvQ6L1MVeg.jpg,val,6
valid/images/20240211_145504_jpg.rf.vCCig5DjfvMb89BV2nuN.jpg,val,6
valid/images/20240211_145603_jpg.rf.3DNrXIU2FACZpxns22Ca.jpg,val,6
valid/images/20240211_145913_jpg.rf.OGTxwqYljrs8efYFPlom.jpg,val,6
valid/images/20240211_150057_jpg.rf.k9ESXcUWLgvdJpPjSBLP.jpg,val,6
valid/images/20240211_150111_jpg.rf.WzcbfB2geZ6XUBQEwl6y.jpg,val,6
valid/images/20240211_150853_jpg.rf.KhEWa67tDG0G3yRP3l27.jpg,val,6
valid/images/20240211_152558_jpg.rf.791aNG7KWguRPkeLYuVc.jpg,val,6
valid/images/20240211_152722_jpg.rf.RtRmF6HTgFzXOT8Zy5ps.jpg,val,6
valid/images/20240211_152814_jpg.rf.bGp1SdIbn9JHP9RLtHE7.jpg,val,6
valid/images/20240211_152912_jpg.rf.i1WKjZOHuNfF5oOFUqLY.jpg,val,6
valid/images/20240211_153532_jpg.rf.XW2ytBvmyCI5m6wa8ej3.jpg,val,6
valid/images/20240211_153719_jpg.rf.lY2IbrAc7Sz9xYT7dZTU.jpg,val,6
valid/images/20240211_153810_jpg.rf.82qq4CotgBXH42e1CqeW.jpg,val,6
valid/images/20240211_153816_jpg.rf.CfSwtloYT6dJiTJiWfhu.jpg,val,6
valid/images/20240211_153831_jpg.rf.CgNhAxcry7Bf4f3y1LtU.jpg,val,6
valid/images/20240211_154147_jpg.rf.TawCmGqhfKpJ0FkpDXCG.jpg,val,6
valid/images/20240211_154231_jpg.rf.VJU1ekIyDilDpB42kGPL.jpg,val,6
valid/images/20240211_154250_jpg.rf.Lp1fboyyHz5Tb7RhI2wg.jpg,val,6
valid/images/20240211_154328_jpg.rf.RLXsLUXqnETgsU8OfVfa.jpg,val,6
valid/images/20240211_154407_jpg.rf.nCl9e69cgdYiApbccaAH.jpg,val,6
valid/images/20240211_154430_jpg.rf.XWANttfKCaLTQNF4iYDM.jpg,val,6
valid/images/20240211_154515_jpg.rf.kf7ej7jjiaZlmn45u9a5.jpg,val,6
valid/images/20240211_154639_jpg.rf.gXU9sjoD9Y09jVy68vdi.jpg,val,6
valid/images/20240211_154646_jpg.rf.KmHmfKqZwt1A9rrl94xW.jpg,val,6
valid/images/20240211_154722_jpg.rf.5i8elIyRWIGNoy8RvH8R.jpg,val,6
valid/images/20240211_160516_jpg.rf.1qGMgWQ53srgsZfeFtEA.jpg,val,6
valid/images/20240211_161345_jpg.rf.5T5uZFS6UBkgJjSGqzGB.jpg,val,6
valid/images/20240211_161453_jpg.rf.IMOMTAceeg3Lt5lQnLjS.jpg,val,6
valid/images/20240211_161638_jpg.rf.37NKdhTLf4skeL22YOVF.jpg,val,6
valid/images/20240211_161826_jpg.rf.IMQuMH841q98LXgNFQOu.jpg,val,6
valid/images/20240211_162100_jpg.rf.NrYzm6p5hAvPlz1Mezd4.jpg,val,6
valid/images/20240211_162157_jpg.rf.8XfXd4wxnyNeN7AHtXw3.jpg,val,6
valid/images/20240211_162223_jpg.rf.KGZoPkXrSLdIJcZuSBWc.jpg,val,6
valid/images/20240211_162303_jpg.rf.pObocQDkHdGQkvj22squ.jpg,val,6
valid/images/20240211_162411_jpg.rf.zwqJyk2i9E3BxUCyFM96.jpg,val,6
valid/images/20240211_162438_jpg.rf.9gjjTeTuPClCg5psXrKq.jpg,val,6
valid/images/20240211_162545_jpg.rf.trvIpkbKiH5OByebipen.jpg,val,6
valid/images/20240211_162553_jpg.rf.e14JFEeX0CUNJI9o6Vkf.jpg,val,6
valid/images/20240211_162623_jpg.rf.ykWNvqPFBZY3CKg5PWDF.jpg,val,6
valid/images/20240211_162633_jpg.rf.kQm8RUlicYOvhb1Shwwh.jpg,val,6
valid/images/20240211_162722_jpg.rf.O0f39h3AStfR7csYVOxI.jpg,val,6
valid/images/20240211_162728(0)_jpg.rf.xCpHrIOD4zgg5iGOj5Cb.jpg,val,6
valid/images/20240211_162816_jpg.rf.rI2u9Ldgo4RA2NXEI5qb.jpg,val,6
valid/images/20240211_164546_jpg.rf.AgxbQazUBjOoxS6WvbKQ.jpg,val,6
valid/images/20240211_164558_jpg.rf.1Q9i7LJG5s0qmBaJiezu.jpg,val,6
valid/images/20240211_170213_jpg.rf.ZC4HDLlzYdUENyD0Sn5Q.jpg,val,6
valid/images/20240214_135849_jpg.rf.gWElfjDv3kGzaHKEw7wc.jpg,val,6
valid/images/20240214_135915_jpg.rf.PH6pvn8KyOGmsZcFteaJ.jpg,val,6
valid/images/20240214_135918_jpg.rf.cCPVBhyrWVUclsTa72rK.jpg,val,6
valid/images/20240214_135923_jpg.rf.RNZQ2SkX6rd06gtDUIcO.jpg,val,6
valid/images/20240214_135943_jpg.rf.z7oK0bZVcrUHv3OUtfiX.jpg,val,6
valid/images/20240214_140002_jpg.rf.Rc2aLhMb8vekN8RPGsKV.jpg,val,6
valid/images/20240214_140104_jpg.rf.Bo3KanucgQtTxnj2HJt8.jpg,val,6
valid/images/20240214_140844_jpg.rf.wqEZhh833XvDypXufV93.jpg,val,6
valid/images/20240214_140848_jpg.rf.OM1l5u1x52BityKtWURz.jpg,val,6
valid/images/20240214_140858_jpg.rf.IhzosBxOzfmMTAv9qHWB.jpg,val,6
valid/images/20240214_145602_jpg.rf.HWbuggaKKIzDR1y7D9tH.jpg,val,6
valid/images/20240214_145627_jpg.rf.9hELxhnLeowSv9Y1pkNL.jpg,val,6
valid/images/20240214_145644_jpg.rf.Atilrea8aW0cWJGjQnbf.jpg,val,6
valid/images/20240214_145803_jpg.rf.aLQ7CCQIhsADJ0iw0Ek8.jpg,val,6
valid/images/20240214_145904_jpg.rf.ZtZR7zoj28l2g5QoTuNu.jpg,val,6
valid/images/20240214_145951_jpg.rf.4nCbLppu7X0lyY9iRgso.jpg,val,6
valid/images/20240214_150011_jpg.rf.skjK6EQMCTm4HxVqbqSS.jpg,val,6
valid/images/20240214_150235_jpg.rf.yBVO2suKUa6FiLyl4LeI.jpg,val,6
valid/images/20240214_181745_jpg.rf.01ssXrUvPKlw8viUwhef.jpg,val,6
valid/images/20240214_181858_jpg.rf.lxzSzgf030JBzDaqlKpH.jpg,val,6
valid/images/20240214_181920_jpg.rf.VpqWzTOJLThcfeLmtz4t.jpg,val,6
valid/images/20240214_182019_jpg.rf.Sd3bcOHN7lA3dNNY4yvQ.jpg,val,6
valid/images/20240214_182046_jpg.rf.8MAJhBkZj9QJKLhbKBT4.jpg,val,6
valid/images/20240214_182151_jpg.rf.kj0tGRrbK60UaJMwo6g2.jpg,val,6
valid/images/20240214_182406_jpg.rf.PIjTcetNcibbqPW1T24U.jpg,val,6
valid/images/20240214_182940_jpg.rf.VlEloRYo0NkOUKiZBitB.jpg,val,6
valid/images/20240214_183344_jpg.rf.NgDclfKMDR5Q8sWjT39g.jpg,val,6
valid/images/20240214_184303_jpg.rf.aknMArmGGWRvRQSzkr3C.jpg,val,6
valid/images/20240214_184315_jpg.rf.u6TDd5px5B1ivWGMJb5e.jpg,val,6
valid/images/20240214_190028_jpg.rf.6LxP8zYnhRSkcT4VuhpH.jpg,val,6
valid/images/20240214_190053_jpg.rf.XjMzhKCSFumzxucB58fx.jpg,val,6
valid/images/20240214_190420_jpg.rf.Svao4xSMmGNCjhyjbewV.jpg,val,6
valid/images/20240214_190518_jpg.rf.oeBzoA8Q7O3D1XZpDBtx.jpg,val,6
valid/images/20240214_190525_jpg.rf.IBtIwMnLsqZDKoGvSI0X.jpg,val,6
valid/images/20240214_190603_jpg.rf.N0QZEzwMiX0DiySAEFY6.jpg,val,6
valid/images/20240214_190637_jpg.rf.L5ThIVmfLw6xC14p1Kwk.jpg,val,6
valid/images/20240214_190800_jpg.rf.fYgXP862C5mlcVzgqyyH.jpg,val,6
valid/images/20240214_190849_jpg.rf.yq2HMEdcossAJzv9VJFz.jpg,val,6
valid/images/20240214_191001_jpg.rf.UynVcXRZxSiLTIe8BiYa.jpg,val,6
valid/images/20240214_191154_jpg.rf.4VEqrRmNkItiNUD615r9.jpg,val,6
valid/images/20240214_191405_jpg.rf.St7Zz5DWPSgmD1WgY8RN.jpg,val,6
valid/images/20240214_191408_jpg.rf.L1amuziFAM5YZbshywE3.jpg,val,6
valid/images/20240214_191704_jpg.rf.kPRK8C5WvdZ03t8LWxNB.jpg,val,6
valid/images/20240214_191714_jpg.rf.z3oU0CRa4JYpzemyWGxD.jpg,val,6
valid/images/20240214_191844_jpg.rf.PMJBHNn7tkrJkBQVwNFs.jpg,val,6
valid/images/20240214_191900_jpg.rf.bagMMGEtIUPmGSWMjdiV.jpg,val,6
valid/images/20240214_204903_jpg.rf.Fts0IZJHqWSlb332KDI8.jpg,val,6
valid/images/20240214_204953_jpg.rf.w5LYWHpvRN3FxM6v2zrm.jpg,val,6
valid/images/20240214_205003_jpg.rf.YsgUsAOG2FuQYPV40gG1.jpg,val,6
valid/images/20240214_205153_jpg.rf.CCD4oefnCyaujUy7wFy8.jpg,val,6
valid/images/20240214_205245_jpg.rf.NHu9z6scRLdggBiqV6d3.jpg,val,6
valid/images/20240214_205522_jpg.rf.WXVC7RJFZD94On3dFkwK.jpg,val,6
valid/images/20240214_205918_jpg.rf.JxkFxuaN9CPQC5Lkz1KV.jpg,val,6
valid/images/20240214_211025_jpg.rf.MSxitW7UZbtjatOVhwev.jpg,val,6
valid/images/20240214_211112_jpg.rf.YJdUIegLCpiOLrk240qO.jpg,val,6
valid/images/20240214_211155_jpg.rf.uTDyYf0tviXnOWrngfP5.jpg,val,6
valid/images/20240214_211738_jpg.rf.Aufe2J0JNhyjUMFN7Aum.jpg,val,6
valid/images/20240214_212100_jpg.rf.JXI3YWz7ngg6t46edZR5.jpg,val,6
valid/images/20240214_212113_jpg.rf.54W2naVmu6k7v4Di81rC.jpg,val,6
valid/images/20240214_212252_jpg.rf.TNHbSbWuNpk4O60CUMXe.jpg,val,6
valid/images/20240214_212359_jpg.rf.AORvbRpDyMM0K85sJ2zj.jpg,val,6
valid/images/20240214_212413_jpg.rf.BjgLUwduaxG7FVP8csRm.jpg,val,6
valid/images/20240214_212414_jpg.rf.uy9AikzBa5yMLJM0onuC.jpg,val,6
valid/images/20240214_212600_jpg.rf.ktNhtemBdmvWae1Ps0Gy.jpg,val,6
valid/images/20240214_212615_jpg.rf.o0RnTN8EIZW4rihkhSs2.jpg,val,6
valid/images/20240214_212631_jpg.rf.VAvlcHT5psZDqoqsYDZn.jpg,val,6
valid/images/20240214_212819_jpg.rf.Pr56CrJfzaVC4xrWACeq.jpg,val,6
valid/images/20240214_212834_jpg.rf.I2rPJqpjeby1EI2RHcjR.jpg,val,6
valid/images/20240214_212927_jpg.rf.SHMbRUh9fkmuDwwF1nrv.jpg,val,6
valid/images/20240214_213032_jpg.rf.YRpjokcLjuqZ3WdzrFqE.jpg,val,6
valid/images/20240214_213039_jpg.rf.qUxzDpv39YkFMXmRKaFg.jpg,val,6
valid/images/20240214_213141_jpg.rf.eEplWOWbaa9or0SLz6aG.jpg,val,6
valid/images/20240214_213147_jpg.rf.CnOMqxRQyVPVyrnPkL5I.jpg,val,6
valid/images/20240214_213235_jpg.rf.5dOS4m9kBitZzqQooZQ8.jpg,val,6
valid/images/20240214_213300_jpg.rf.v1IIBtOcaKC91Ctdve6P.jpg,val,6
valid/images/20240214_213402_jpg.rf.X7FnMvzUeezpYZ6fTsW0.jpg,val,6
valid/images/20240214_213424_jpg.rf.ePU7rXpxV2urPLWOajBX.jpg,val,6
valid/images/20240214_213503_jpg.rf.9DSKgQ2UX9RF3lREhb8E.jpg,val,6
valid/images/20240214_213805_jpg.rf.5nFyn4CNsXVnCikbJSe5.jpg,val,6
valid/images/20240214_214154_jpg.rf.PJY2j8FE8TnnOKliEzPI.jpg,val,6
valid/images/20240214_214427_jpg.rf.3GV69bvMCSmJ9cRca043.jpg,val,6
valid/images/20240214_214452_jpg.rf.iVPDJr81hnjMvFh5u4j1.jpg,val,6
valid/images/20240214_214509_jpg.rf.lhmYxpKnyDTiDDKP5YI2.jpg,val,6
valid/images/20240214_214835_jpg.rf.lj54s7zsxsnBjAlL3fGf.jpg,val,6
valid/images/20240214_215116_jpg.rf.ioSBbZnlr2I3uocbs7kW.jpg,val,6
valid/images/20240214_215530_jpg.rf.VSXawWOxH8SeVP6DHeHy.jpg,val,6
valid/images/20240214_215848_jpg.rf.LzpMPLkJkqXnZHtrizUW.jpg,val,6
valid/images/20240214_215951_jpg.rf.cqdxY1HKdDMTeaha3AwT.jpg,val,6
valid/images/20240214_215957_jpg.rf.VT2VA0M72kDuO1ZuS7f6.jpg,val,6
valid/images/20240214_220026_jpg.rf.tQU3E2oTkYqED2uH77ve.jpg,val,6
valid/images/20240214_220109_jpg.rf.bzctbp8xlMTFluA6UoY4.jpg,val,6
valid/images/20240214_220935_jpg.rf.LBqM6UpLl0BTkWJlgteg.jpg,val,6
valid/images/20240216_101558_jpg.rf.VzsF1NUsWG1ngO06Qdt3.jpg,val,6
valid/images/20240216_143500_jpg.rf.CXDZMa7UOG5NgViqxkUx.jpg,val,6
valid/images/20240216_144012_jpg.rf.UD6ZsekLkUPRFIwEpAL2.jpg,val,6
valid/images/20240216_151743_jpg.rf.j6GMkHzOBQ9dDLSuh7a8.jpg,val,6
valid/images/20240216_151821_jpg.rf.lYbxoNB0NjPvzrBJu5u9.jpg,val,6
valid/images/20240216_151838_jpg.rf.gih0sKpRNmZsB15X0Utj.jpg,val,6
valid/images/20240216_151904_jpg.rf.vJQBK7TwMM3fVdPBJham.jpg,val,6
valid/images/20240216_151948_jpg.rf.epSn5Jg2GzVhpP4vaEFk.jpg,val,6
valid/images/20240216_152010_jpg.rf.sEjrZTEFy1pTqCr9Vc0Z.jpg,val,6
valid/images/20240216_152020_jpg.rf.mTppHM2tvLD1D0IUgBC8.jpg,val,6
valid/images/20240216_152029_jpg.rf.G9STVCsGigCVkHjq6iRk.jpg,val,6
valid/images/20240216_152043_jpg.rf.MoN4R4VxOuJCbeY4BNin.jpg,val,6
valid/images/20240216_152222_jpg.rf.ysi8akSuiGIcFgs385pl.jpg,val,6
valid/images/20240216_152302_jpg.rf.DberdZwbFEp5GIG5JqvQ.jpg,val,6
valid/images/20240216_152356_jpg.rf.xBfL9uGQsmKGiRtf6Ohj.jpg,val,6
valid/images/20240216_152400_jpg.rf.hZE7bGrkK5n2tmT6bLYX.jpg,val,6
valid/images/20240216_152422_jpg.rf.hq2wBCI6XxRy1K1SwzTM.jpg,val,6
valid/images/20240216_160543_jpg.rf.ocYh40tvFHLg0zSs6hKl.jpg,val,6
valid/images/20240216_164443_jpg.rf.wDC8WuaA705WdYWSJHzC.jpg,val,6
valid/images/20240216_164448_jpg.rf.C4s1OPQWVAwxnc4iJ7Vx.jpg,val,6
valid/images/20240216_165720_jpg.rf.dQKIgDfmwCiwZJMYZsC0.jpg,val,6
valid/images/20240216_170530_jpg.rf.JkB0auYkO9rwhDgeDihJ.jpg,val,6
valid/images/20240216_170534_jpg.rf.tmRDBr7o77Uq77MGsw2Z.jpg,val,6
valid/images/20240216_170630_jpg.rf.VTjUXTPxfG7d3MQ1KrFX.jpg,val,6
valid/images/20240216_170633_jpg.rf.REeWiz3l1cTjlxVwMm7X.jpg,val,6
valid/images/20240216_202100_jpg.rf.yXtL4OUGW5LDgjGqOavr.jpg,val,6
valid/images/20240216_202356_jpg.rf.lK4RVxZvwYrSX8kuQQT1.jpg,val,6
valid/images/20240216_202826_jpg.rf.MnPxD1CQBWvBYTeSRVlk.jpg,val,6
valid/images/20240216_202858_jpg.rf.mIiw8HOKlgTCRcugj5FP.jpg,val,6
valid/images/20240216_203131_jpg.rf.PpfHXHZkPtVxB3Qxc9QQ.jpg,val,6
valid/images/20240216_203232_jpg.rf.izGGIreP7YQf1gBsdQEa.jpg,val,6
valid/images/20240216_203259_jpg.rf.oF6hVNSFZfsjbCPKEsiI.jpg,val,6
valid/images/20240216_205735_jpg.rf.jXJwhOyb1ZIDyueqwsel.jpg,val,6
valid/images/20240216_210031_jpg.rf.o5VYSimNcBV76J14mb2G.jpg,val,6
valid/images/20240216_210049_jpg.rf.RAZufW0XtIKrUawrdbEc.jpg,val,6
valid/images/20240216_210112_jpg.rf.yg1mohhlBFiwJdxE3hmI.jpg,val,6
valid/images/20240216_210115_jpg.rf.KK6VC4BsES10mUtmWPCb.jpg,val,6
valid/images/20240216_210229_jpg.rf.QW3yFSPIUOlGtI2Pcrp4.jpg,val,6
valid/images/20240216_212850_jpg.rf.ZgLdWnsAF2qwo53AvDKJ.jpg,val,6
valid/images/20240216_213622_jpg.rf.b50LECPdU0ind0IajWGQ.jpg,val,6
valid/images/20240216_213707_jpg.rf.V9ubvmXrKFV6GrPVJU6r.jpg,val,6
valid/images/20240216_220729_jpg.rf.d6fRxqwp7A97Ff40yLwf.jpg,val,6
valid/images/20240216_222739(0)_jpg.rf.eD9HjAjMQvkHZnxvq0Ii.jpg,val,6
valid/images/20240216_222803_jpg.rf.BkoePAacMlze3zqFLbos.jpg,val,6
valid/images/20240218_121536_jpg.rf.0iJgUzp1gTQe92U7SNMt.jpg,val,6
valid/images/20240218_144749_jpg.rf.r18M6m63mNxCjJVrqJ0y.jpg,val,6
valid/images/20240218_144807_jpg.rf.XerZZm5XpA7Jdptm6xFC.jpg,val,6
valid/images/20240218_144812_jpg.rf.1wn5jM4worIwHYvW1vfI.jpg,val,6
valid/images/20240218_144817_jpg.rf.zWUDbtcGKNN9A85dPAiN.jpg,val,6
valid/images/20240218_145029_jpg.rf.sTK6Vw9T5XemsQ9k1vgX.jpg,val,6
valid/images/20240218_145208_jpg.rf.XprluqnCRmGmoQDQTURf.jpg,val,6
valid/images/20240218_145212_jpg.rf.5QWAAZ5wYBpEXvidZ8Mw.jpg,val,6
valid/images/20240218_145240_jpg.rf.ATUw0RadifbhYvscxxza.jpg,val,6
valid/images/20240218_145316_jpg.rf.NRwWePnTdjQ0bw9cwuLB.jpg,val,6
valid/images/20240218_145348_jpg.rf.6AZGVZUR9OnwcusKQypx.jpg,val,6
valid/images/20240218_145418_jpg.rf.pVoyMWQTwvtWvfzMClG1.jpg,val,6
valid/images/20240218_145739_jpg.rf.PbtV58B5mUsns7kHBd6f.jpg,val,6
valid/images/20240218_145804_jpg.rf.K9Fjx3VowoziLddDCVle.jpg,val,6
valid/images/20240218_145844_jpg.rf.lBQpUmVqoNan9juxrYkR.jpg,val,6
valid/images/20240218_145849_jpg.rf.hurNQukE4EAus4YiAueW.jpg,val,6
valid/images/20240218_150700_jpg.rf.ioo7jzOVDAzLcAOCVRZ4.jpg,val,6
valid/images/20240218_151336_jpg.rf.S4tLrfdda17Rt8ng3aJT.jpg,val,6
valid/images/20240218_151918_jpg.rf.eKCQwMCmfdeJQyT9UlSn.jpg,val,6
valid/images/20240218_152226_jpg.rf.OzxHo5UTrAd2IYwbK7ys.jpg,val,6
valid/images/20240218_152228_jpg.rf.j8zJaC23LimqKNLoWTnH.jpg,val,6
valid/images/20240218_153111_jpg.rf.iELQ1rfHrqfsFWZr7COH.jpg,val,6
valid/images/20240218_153218_jpg.rf.4EZgl4soxaWuhbtAwZ01.jpg,val,6
valid/images/20240218_153548_jpg.rf.hsKI3CPVfMSRnb7xlWdk.jpg,val,6
valid/images/20240218_153624_jpg.rf.NFBYGd4csLMiNSpgSaY4.jpg,val,6
valid/images/20240218_153702_jpg.rf.GQjWivRkUr9R0lF4299N.jpg,val,6
valid/images/20240218_153740_jpg.rf.5hyW8i3tCdU8ZiKkqEcV.jpg,val,6
valid/images/20240218_154623_jpg.rf.89p7kNDsIDPlFNYBsLXO.jpg,val,6
valid/images/20240218_155036_jpg.rf.9CupeeSRHDHHjHRSe0A4.jpg,val,6
valid/images/20240218_155421(0)_jpg.rf.UN3xIkOGFuQh693pvpk3.jpg,val,6
valid/images/20240218_155840_jpg.rf.LZfvS4jZ0GTqzRC5N6ru.jpg,val,6
valid/images/20240218_155900_jpg.rf.d4DdtmGx6f6GGAe2zFgk.jpg,val,6
valid/images/20240218_160007_jpg.rf.7shS2n5s96C3FfiiNeAm.jpg,val,6
valid/images/20240218_160010_jpg.rf.G6T2f7Ntm5LMT1tkd64I.jpg,val,6
valid/images/20240218_160014_jpg.rf.UaS0JWWbFLQuHp92t1eQ.jpg,val,6
valid/images/20240218_160138_jpg.rf.tul30EFMrHDbjJJZZrEG.jpg,val,6
valid/images/20240218_160258_jpg.rf.7fG4KQIjB24Z0X0eN9Lp.jpg,val,6
valid/images/20240218_160735_jpg.rf.Um3bMrq9ArPMwpBvNTeH.jpg,val,6
valid/images/20240218_160827_jpg.rf.YWW2wVpaYmC4VivLeILL.jpg,val,6
valid/images/20240218_161529_jpg.rf.fpTEMH3lm1YMzCwYcb2p.jpg,val,6
valid/images/20240218_161537_jpg.rf.uz2qKhetKaAkAFGIjxJ7.jpg,val,6
valid/images/20240218_161622_jpg.rf.pCFzo6kOfpMag6kdClCd.jpg,val,6
valid/images/20240218_161715_jpg.rf.U1slxlA4v4UJ5jOZLULl.jpg,val,6
valid/images/20240218_161731_jpg.rf.Ow739A3InuY5NsmlhcUg.jpg,val,6
valid/images/20240218_161750_jpg.rf.RuJdq5R9GHxvLnOf77KI.jpg,val,6
valid/images/20240218_161816_jpg.rf.J4Rpnx9pohsfg3pSmdnx.jpg,val,6
valid/images/20240218_161937_jpg.rf.abFggodVsfas7QSeAL4T.jpg,val,6
valid/images/20240222_164420_jpg.rf.bF9QxWuSm5UHSAvLaHTS.jpg,val,6
valid/images/20240222_165952_jpg.rf.IU5on4AqZ9hZJiJ54ffY.jpg,val,6
valid/images/20240222_171641_jpg.rf.7mtXQaBjyymGvLReKywA.jpg,val,6
valid/images/20240222_172153_jpg.rf.Q08nMgfPMAFXZXdNO177.jpg,val,6
valid/images/20240223_134246_jpg.rf.vyNcAVtnAklf3wBEOMr7.jpg,val,6
valid/images/20240227_120229_jpg.rf.vKJOfRLWQdq8CLxU8h8o.jpg,val,6
valid/images/20240227_120307_jpg.rf.mr5mSRRIiPgBVU80cpZ8.jpg,val,6
valid/images/20240227_180504_jpg.rf.hgUbRo21B869I3xweSYu.jpg,val,6
valid/images/20240228_122959_jpg.rf.4m8PgR6FbA5bz5BO3Qxy.jpg,val,6
valid/images/20240228_124710_jpg.rf.phFT6lbJn4jeqhgpPNjQ.jpg,val,6
valid/images/20240228_160537_jpg.rf.Wei9nUyKWvEliDCIuKqm.jpg,val,6
valid/images/20240228_162338_jpg.rf.NyKXY5yc6VMxGY5YlGvH.jpg,val,6
valid/images/20240228_162403_jpg.rf.Jwi3nJTT5WpGfzwPdEly.jpg,val,6
valid/images/20240228_162504_jpg.rf.Jfu9cUa2BqbqdKqaetTY.jpg,val,6
valid/images/20240228_162507_jpg.rf.KUm0015Y13XM0LQNb9Rm.jpg,val,6
valid/images/20240228_162544_jpg.rf.lS2KFdxMl15Gnqt32UZx.jpg,val,6
valid/images/20240228_162546_jpg.rf.V3uDimcjAhU8WAfRuezR.jpg,val,6
valid/images/20240228_162558_jpg.rf.NP8bXrQUmLZE7X5VMA7j.jpg,val,6
valid/images/20240228_162604_jpg.rf.yDp7OzJPFpyl1YafsxDl.jpg,val,6
valid/images/20240228_162612_jpg.rf.9A1yBkMdkocVkp73A7Zg.jpg,val,6
valid/images/20240228_162614_jpg.rf.zjlipwFhV6ryd6dVaYyU.jpg,val,6
valid/images/20240228_162649_jpg.rf.CRdxtth8LICFYhjYtsv8.jpg,val,6
valid/images/20240228_162659_jpg.rf.Ff0sBFr74Pnc8UuH8Y0P.jpg,val,6
valid/images/20240228_162739_jpg.rf.tCSVppUkgqCTMfFiiZvr.jpg,val,6
valid/images/20240228_173922_jpg.rf.wXS2a1XEaD12glR6lrIO.jpg,val,6
valid/images/20240228_174045_jpg.rf.ez65QccHe6mqIsEDJGDo.jpg,val,6
valid/images/20240228_174236_jpg.rf.hmBFKbIKVGwYW4gbjSYW.jpg,val,6
valid/images/20240228_175026_jpg.rf.42YJSovLjv9iUwcqnZQO.jpg,val,6
valid/images/20240301_173732_jpg.rf.6KSnriAK8dlOdUUM0Cr8.jpg,val,6
valid/images/20240301_184012_jpg.rf.BejrmdUdpgfe802ZpFPR.jpg,val,6
valid/images/20240306_110234_jpg.rf.ocPxDI3xoIQR1qAusttZ.jpg,val,6
valid/images/20240307_145234_jpg.rf.zYMcXAduoD0APA4iaoh7.jpg,val,6
valid/images/20240307_145327_jpg.rf.CB4D0lcjHH5Wh2ncJH44.jpg,val,6
valid/images/20240307_145417_jpg.rf.zZWfeotfn1Vhwm73NgQW.jpg,val,6
valid/images/20240307_145458_jpg.rf.SBf87H5MdVpewgl0S0pK.jpg,val,6
valid/images/20240307_145607_jpg.rf.iy2Eq30j6dYDO97rDaoY.jpg,val,6
valid/images/20240307_145654_jpg.rf.r4m1zmxXNoUGmvjvDaX3.jpg,val,6
valid/images/20240307_152029_jpg.rf.bmc1dofLZbuBXjMrkvhS.jpg,val,6
valid/images/20240307_152102_jpg.rf.Ko3cAF2GUK2SeeACGnUr.jpg,val,6
valid/images/20240307_152307_jpg.rf.vYcsvkXH28CE70ZUgtGr.jpg,val,6
valid/images/20240307_152417_jpg.rf.GtMpP7YqDG9K0aQUJXnX.jpg,val,6
valid/images/20240307_152501_jpg.rf.poluSd3xNUCVnVEt5XDy.jpg,val,6
valid/images/20240307_162705_jpg.rf.p44ajD42ipWCpNjjd0Gy.jpg,val,6
valid/images/20240307_162715_jpg.rf.uO9NfRPoblKCvP7GVT85.jpg,val,6
valid/images/20240307_172728_jpg.rf.2aZoOSnfFSRgN9ajj4F3.jpg,val,6
valid/images/20240307_172732_jpg.rf.hGzuxcHubl7Fs0OX62b9.jpg,val,6
valid/images/20240307_172842_jpg.rf.XE9lHvUQ0YPycGqu4Z2y.jpg,val,6
valid/images/20240307_173740_jpg.rf.LZ5KSSnEbeK9vIgSTGtU.jpg,val,6
valid/images/20240307_175702_jpg.rf.9YMmfWrzDwmtFSZ4Ar3I.jpg,val,6
valid/images/20240307_175722_jpg.rf.PFd5NR0EyJ1Q1rDa1uGe.jpg,val,6
valid/images/20240307_193204_jpg.rf.kCW5YYb8PDSNI1dzN6NF.jpg,val,6
valid/images/20240307_193252_jpg.rf.feOSQjeE2Eol77ECxJiZ.jpg,val,6
valid/images/20240307_193313_jpg.rf.nZwHxruq0OGzYbaIxqNp.jpg,val,6
valid/images/20240307_203758_jpg.rf.5LF17li3QjmhVcGbQH5D.jpg,val,6
valid/images/20240310_150945_jpg.rf.EwtgqSKIBHyEBNj5z1Ut.jpg,val,6
valid/images/20240310_154509_jpg.rf.T6z3g6YB4zOIqtyQ7mub.jpg,val,6
valid/images/20240310_154649_jpg.rf.lfsUxPdJVdsQLGilkJZ7.jpg,val,6
valid/images/20240310_154654_jpg.rf.vwL674YIxeUkPFzd306o.jpg,val,6
valid/images/20240310_154734_jpg.rf.L5cKj53RnctWjR9T3u3d.jpg,val,6
valid/images/20240310_154739_jpg.rf.t3zBCFPQLGUhHYcSbNmg.jpg,val,6
valid/images/20240310_154952_jpg.rf.dYE3P04hcd8yoVG0txDo.jpg,val,6
valid/images/20240310_155112_jpg.rf.3W7mOjJV665cf1wboUGM.jpg,val,6
valid/images/20240310_171652_jpg.rf.s3TRWKvXwJe3ne7MveoJ.jpg,val,6
valid/images/20240310_202252_jpg.rf.Z7CSIJdL3SmN9kMfxpCh.jpg,val,6
valid/images/20240310_204758_jpg.rf.hBlkYVfc6FJjcpQ3yNAB.jpg,val,6
valid/images/20240311_144258_jpg.rf.6zox2vSe0GbFEciMFAqA.jpg,val,6
valid/images/20240311_144510_jpg.rf.P7YKQwlMdhpHTAybfXq2.jpg,val,6
valid/images/20240311_144523_jpg.rf.mY4mAALPIUJMYGiTRkib.jpg,val,6
valid/images/20240311_144615_jpg.rf.ecba05uncTO0OssKvrhK.jpg,val,6
valid/images/20240311_144639_jpg.rf.8tqXOEZCe1lTSbY4sKAr.jpg,val,6
valid/images/20240311_144713_jpg.rf.5qFZOKjrwU8CG2lIAjXu.jpg,val,6
valid/images/20240311_144847_jpg.rf.h3TgvEICWHxqAsraxeq7.jpg,val,6
valid/images/20240311_181519_jpg.rf.o7QHyxoeU8Wc83TQLXDa.jpg,val,6
valid/images/20240312_143025_jpg.rf.GhUM6F53lq56oSVaqe9r.jpg,val,6
valid/images/20240318_211439_jpg.rf.t57J5iE5HWvZKxzB0UMF.jpg,val,6
valid/images/20240325_170251_jpg.rf.GXt6Pa5Rwv2Tse8JLp8k.jpg,val,6
valid/images/20240414_124301_jpg.rf.RPuakDzdlJjvoltcKlox.jpg,val,6
valid/images/20240503_171650_jpg.rf.CF8e4JaF1QuOTORpraQJ.jpg,val,6
valid/images/IMG_20240211_144251_jpg.rf.Sx1YgRwmciADureA1a4i.jpg,val,0
valid/images/IMG_20240211_144258_jpg.rf.zIonUQcSjMPhYBaMWfmL.jpg,val,0
valid/images/IMG_20240211_145354_jpg.rf.uiO53Ll0uFiGoeMw8tpq.jpg,val,0
valid/images/IMG_20240211_145514_jpg.rf.AJ0oRCamK4VUaFZ5A8gw.jpg,val,0
valid/images/IMG_20240211_145604_jpg.rf.nyqMygc3wpBzuNRsSD0p.jpg,val,0
valid/images/IMG_20240211_150410_jpg.rf.SRi0RbUP32IWnmMNgxIo.jpg,val,0
valid/images/IMG_20240211_150421_jpg.rf.CW7d4HJQsizYOh5xT76K.jpg,val,0
valid/images/IMG_20240211_150617_jpg.rf.zp0cy8tP7deBPoS8lTAe.jpg,val,0
valid/images/IMG_20240211_150658_jpg.rf.1BEPk9B5lncadB2pugw3.jpg,val,0
valid/images/IMG_20240211_151110_jpg.rf.szXym2sFRvnQxA8p6ync.jpg,val,0
valid/images/IMG_20240211_151240_jpg.rf.0kL454Vw0yjU2uCOTVqJ.jpg,val,0
valid/images/IMG_20240211_151250_jpg.rf.aYryEsPZ2J14hrnfoADZ.jpg,val,0
valid/images/IMG_20240211_151409_jpg.rf.39tPEIV0WIjCqpa1jTrd.jpg,val,0
valid/images/IMG_20240211_151414_jpg.rf.AEbdsRlzHAB3ofh1cbez.jpg,val,0
valid/images/IMG_20240211_151416_jpg.rf.jrB5kK0Ae2T3rCu8bvTM.jpg,val,0
valid/images/IMG_20240211_151433_jpg.rf.8G7I1HN0rjiPPABDr9Z6.jpg,val,0
valid/images/IMG_20240211_151932_jpg.rf.8nrpKpXdKabNqcymjwfQ.jpg,val,0
valid/images/IMG_20240211_152331_jpg.rf.vvxUml562SNfxuuZTryN.jpg,val,0
valid/images/IMG_20240211_152347_jpg.rf.gjIf5X9WKLiG8BhlImjz.jpg,val,0
valid/images/IMG_20240211_152437_jpg.rf.DEkFr80zJfR0p1Lsl33i.jpg,val,0
valid/images/IMG_20240211_152530_jpg.rf.yRnqmcmKs0IhQzlDdZ3A.jpg,val,0
valid/images/IMG_20240211_152539_jpg.rf.V0BddVMeCgwh8AI09qMl.jpg,val,0
valid/images/IMG_20240211_152608_jpg.rf.dDbVQkjvr9p2Gfy4uyNG.jpg,val,0
valid/images/IMG_20240211_152616_jpg.rf.OYtsGgJmuLIKVygukJUJ.jpg,val,0
valid/images/IMG_20240211_152631_jpg.rf.HpaJ9LciewupuP4gswaS.jpg,val,0
valid/images/IMG_20240211_152752_jpg.rf.AUTRfPxz9P7lXh9VUP9I.jpg,val,0
valid/images/IMG_20240211_161026_jpg.rf.GYF744rqz1D1nHdduVcg.jpg,val,0
valid/images/IMG_20240211_161502_jpg.rf.ocOAQbpwhMCe16Ao2kpo.jpg,val,0
valid/images/IMG_20240211_161928_jpg.rf.ZuvIaCuue6z1yYxdrDfU.jpg,val,0
valid/images/IMG_20240211_161944_jpg.rf.WqjG2D17A8OvpAiwkUyk.jpg,val,0
valid/images/IMG_20240211_162208_jpg.rf.op0b9nSJE9oD7gZlQ3gp.jpg,val,0
valid/images/IMG_20240211_162231_jpg.rf.lOM83PobZwSZwL9UDTlP.jpg,val,0
valid/images/IMG_20240211_162426_jpg.rf.xIQiABFMvjof7bMpGR8p.jpg,val,0
valid/images/IMG_20240211_162435_jpg.rf.waqDEfpFRwqPbueopR6k.jpg,val,0
valid/images/IMG_20240211_162443_jpg.rf.B5a5VYCetaKUO8T5b17Y.jpg,val,0
valid/images/IMG_20240211_162521_jpg.rf.K9jIk5pruk5SUNxx4CA1.jpg,val,0
valid/images/IMG_20240211_162558_jpg.rf.3lHImuO54wa6wswI3iYF.jpg,val,0
valid/images/IMG_20240211_162600_jpg.rf.Yoqc1XVSvVq1RZWcuehb.jpg,val,0
valid/images/IMG_20240211_162701_jpg.rf.QA5dsgp7qhI9SS84nTF8.jpg,val,0
valid/images/IMG_20240211_162720_jpg.rf.HyUoPCwBgoZFwAsUIJbv.jpg,val,0
valid/images/IMG_20240211_162734_jpg.rf.HCSiAfzqWmd1HAAffael.jpg,val,0
valid/images/IMG_20240211_162755_jpg.rf.49xiH2bRUH8YquqNQAT7.jpg,val,0
valid/images/IMG_20240211_162815_jpg.rf.oUNK4LV681y07iZiCUyf.jpg,val,0
valid/images/SmartSelect_20240223_100119_Messenger_jpg.rf.hPMHQqRiVw87HLt20Lak.jpg,val,0
valid/images/SmartSelect_20240223_100151_Messenger_jpg.rf.BCA7uXKaEzlViwzHsdBZ.jpg,val,0
valid/images/SmartSelect_20240302_173037_Facebook_jpg.rf.PDkc4WFOxR4fil7mQE8Y.jpg,val,0
valid/images/SmartSelect_20240302_173056_Facebook_jpg.rf.7rbEtkcReyabzKiMkYKA.jpg,val,0
valid/images/SmartSelect_20240302_173250_Facebook_jpg.rf.3CNPh0vjmyITnF0k5ZhG.jpg,val,0
test/images/20240211_141957_jpg.rf.C0V7W0ffdKaozy99789B.jpg,test,6
test/images/20240211_144011_jpg.rf.wcbf4ZqlpZF5NckGY9gQ.jpg,test,6
test/images/20240211_144339_jpg.rf.8ulwh678Lsn3N3b9uWZs.jpg,test,6
test/images/20240211_144418_jpg.rf.C6EW9dilErNDNKkIoIT9.jpg,test,6
test/images/20240211_145420_jpg.rf.ejVFt4dGDVXGfOEq52iD.jpg,test,6
test/images/20240211_150152_jpg.rf.ks2fVRzdav5WWHYa46MS.jpg,test,6
test/images/20240211_150230_jpg.rf.Jy11IDOuNFXZ4tUQ126t.jpg,test,6
test/images/20240211_150955_jpg.rf.84m0I7Pt2fZ6UsUjwDyJ.jpg,test,6
test/images/20240211_151010_jpg.rf.LaQjm8vwhMgPpUWFNcnZ.jpg,test,6
test/images/20240211_152648_jpg.rf.scbpxaiRaL1jtILWkVV6.jpg,test,6
test/images/20240211_152720_jpg.rf.HipVnoAgFxYxwPHYHz9M.jpg,test,6
test/images/20240211_152907_jpg.rf.rq8P9zvLfdt9vUY1Npxy.jpg,test,6
test/images/20240211_153431_jpg.rf.ycryvasjOqK2lFmq8kw6.jpg,test,6
test/images/20240211_153543_jpg.rf.dAFhBzmxaF9O83hnCS7G.jpg,test,6
test/images/20240211_154009_jpg.rf.bUXUE5ATWuzamz05ORVd.jpg,test,6
test/images/20240211_154035_jpg.rf.mw92PlwN7Kyheq0UuNC9.jpg,test,6
test/images/20240211_154038_jpg.rf.3PieBSAA2QRDF2dpv2qR.jpg,test,6
test/images/20240211_154157_jpg.rf.vi79NsyBvmiaWn3TvH12.jpg,test,6
test/images/20240211_154521_jpg.rf.MgiQRmGVwEya72oNqM0A.jpg,test,6
test/images/20240211_160503_jpg.rf.nhLOW8h6xEzQll5iq0RH.jpg,test,6
test/images/20240211_161945_jpg.rf.3g5P9TV51uhWfWRZYmXy.jpg,test,6
test/images/20240211_162020_jpg.rf.x72G3t4WW644txkzuO3I.jpg,test,6
test/images/20240211_162128_jpg.rf.15z18I29dnMkeSUZtFIn.jpg,test,6
test/images/20240211_162134_jpg.rf.8p97HHjOoMpYEedHPyn5.jpg,test,6
test/images/20240211_162216_jpg.rf.XGoV29PKiDUuUQGWLrj2.jpg,test,6
test/images/20240211_162324_jpg.rf.iGTyKRnOOrgNQz7GEIje.jpg,test,6
test/images/20240211_162603_jpg.rf.29z89WIPmhntrE0XG7M9.jpg,test,6
test/images/20240211_162725_jpg.rf.1AmGTZd4VijCCWRLROMc.jpg,test,6
test/images/20240211_164425_jpg.rf.XswEfgtQZFRYUZOgcUIF.jpg,test,6
test/images/20240211_170156_jpg.rf.XyISe75nbZUBf2rd85SH.jpg,test,6
test/images/20240214_140846_jpg.rf.Xc30tgUlv4zRLEtP3Kfp.jpg,test,6
test/images/20240214_145641_jpg.rf.3OnOnRLEWBqUdesFTcBP.jpg,test,6
test/images/20240214_145647_jpg.rf.3eZ4MIYz2vVrJPH2hoSY.jpg,test,6
test/images/20240214_145750_jpg.rf.JBegnC0RDhF2l0FhQf1l.jpg,test,6
test/images/20240214_145852_jpg.rf.YpxToxqHhTTN66ITU5M8.jpg,test,8
test/images/20240214_183721_jpg.rf.YtTHByL6G5QnTq8bMS5l.jpg,test,6
test/images/20240214_190528_jpg.rf.lAQ21bxNtfOyGyoZM4yT.jpg,test,6
test/images/20240214_191621_jpg.rf.sA7VLKQRPFbIoM83OIqS.jpg,test,6
test/images/20240214_191716_jpg.rf.my7qf0ooLTaTflrag6kN.jpg,test,6
test/images/20240214_191739_jpg.rf.itJdcFjqHKDQT3p7usKE.jpg,test,6
test/images/20240214_204942_jpg.rf.2WixzyLmKyTUVq8sSMIR.jpg,test,6
test/images/20240214_205251_jpg.rf.bNmR0yrp4LYTgvNlkMyR.jpg,test,6
test/images/20240214_205925_jpg.rf.pAzBJKaAlBuXp697EP6t.jpg,test,6
test/images/20240214_205932_jpg.rf.z6e3kkSEYmQviTNpMoB7.jpg,test,6
test/images/20240214_211002_jpg.rf.qyIMuRtx3lM5YSwmxsiH.jpg,test,6
test/images/20240214_211005_jpg.rf.07kahCfKm8OX9qSgV7Pp.jpg,test,6
test/images/20240214_211018_jpg.rf.5x9Xx8BXBbSh1BJ4IXOu.jpg,test,6
test/images/20240214_211042_jpg.rf.z9QJclVVgAXTQqgs52yc.jpg,test,6
test/images/20240214_211239_jpg.rf.MzxASvml9GIrsa3tWpjA.jpg,test,6
test/images/20240214_211329_jpg.rf.zSufkasc59j7iP2WJZLi.jpg,test,6
test/images/20240214_211600_jpg.rf.lWkeyYBfJNpSEK0y2vio.jpg,test,6
test/images/20240214_211634_jpg.rf.tIhg61NzyPOQZ3sWZsGW.jpg,test,6
test/images/20240214_211637_jpg.rf.7tcgF49r9tZb2AWerhJs.jpg,test,6
test/images/20240214_212029_jpg.rf.OnKUvUwKCuizqzZFEm4K.jpg,test,6
test/images/20240214_212231_jpg.rf.R5t5wllKIGjav3Kye6zX.jpg,test,6
test/images/20240214_212723_jpg.rf.0zj2wqwBMno6DXswKx3i.jpg,test,6
test/images/20240214_212731_jpg.rf.LwDiIUqJ9KIF3A8DKSD5.jpg,test,6
test/images/20240214_212910_jpg.rf.KiXf4ragJsOJIZzj0e3N.jpg,test,6
test/images/20240214_212920_jpg.rf.bHFUniDtI4yq0qvdk28s.jpg,test,6
test/images/20240214_213028_jpg.rf.KfMBFhVW4l1X0zduQKx9.jpg,test,6
test/images/20240214_213849_jpg.rf.75gLaB9VCpfbUM1XyF0g.jpg,test,6
test/images/20240214_214144_jpg.rf.uvnkukltXCoLBQD8KDgp.jpg,test,6
test/images/20240214_214338_jpg.rf.SvobyK8ScfyTnrQ8m7jP.jpg,test,6
test/images/20240214_214719_jpg.rf.SCFKi35QP0cYLt6TfcHh.jpg,test,6
test/images/20240214_215020_jpg.rf.2IzZDJZsie7lsRHhdb2y.jpg,test,6
test/images/20240214_215302_jpg.rf.fHtoA7593WdqrhUEyxVI.jpg,test,6
test/images/20240214_215351_jpg.rf.xzxSHcO6m9wqaV5RfFID.jpg,test,6
test/images/20240214_215603_jpg.rf.QKZP2FGnGTc2AT0mdttT.jpg,test,6
test/images/20240214_215836_jpg.rf.AWOizAMg3BCyhPZ7OQZV.jpg,test,6
test/images/20240214_215854_jpg.rf.WZp3jGtwbKlrbKXekc5l.jpg,test,6
test/images/20240214_220122_jpg.rf.dywvsDLI7LUOLpVIgc2b.jpg,test,6
test/images/20240214_220152_jpg.rf.gj0SKk4pCxOlOSOliOV8.jpg,test,6
test/images/20240214_220700_jpg.rf.9jbdbzP28ANc7Our3Kzg.jpg,test,6
test/images/20240214_225033_jpg.rf.FOB69r9URbSFz6f774zf.jpg,test,6
test/images/20240215_173753_jpg.rf.GsmtTKvwvzfEHmZHJZg5.jpg,test,6
test/images/20240216_101237_jpg.rf.jy1AJtHNxHOKpGnwwH7y.jpg,test,6
test/images/20240216_151630_jpg.rf.dZGLZdclphrtBzECreXj.jpg,test,6
test/images/20240216_152431_jpg.rf.4ehbUhBEyPTtEBDICWQ3.jpg,test,6
test/images/20240216_152436_jpg.rf.PD32zT8Ctz3hI640y8W6.jpg,test,6
test/images/20240216_170518_jpg.rf.M02I9ZOJc5DjQCCS5xGa.jpg,test,6
test/images/20240216_170552_jpg.rf.ojWRTo6zc5usG1Iopg20.jpg,test,6
test/images/20240216_170704_jpg.rf.hOO2Hjy7wBxjiOOPBy7e.jpg,test,6
test/images/20240216_170854_jpg.rf.TEiMFC0KFPW1R4bYo3Od.jpg,test,6
test/images/20240216_171121_jpg.rf.Y57czqPFOqWuHEVl2GEJ.jpg,test,6
test/images/20240216_171848_jpg.rf.zE1620x2bN1TmbwI2w8E.jpg,test,6
test/images/20240216_210156_jpg.rf.33wLaubOqlcy2NsksCTX.jpg,test,6
test/images/20240216_212603_jpg.rf.AfKYdclgzSBwp2QChitZ.jpg,test,6
test/images/20240216_222242_jpg.rf.PymEqAoNGpkRA3IoMWX4.jpg,test,6
test/images/20240216_222724_jpg.rf.Rjb5GDRjAOTuvoxnq7ZJ.jpg,test,6
test/images/20240218_145024_jpg.rf.CzrZjYY8Mzj5QYZB6RUE.jpg,test,6
test/images/20240218_145338_jpg.rf.1OVz5yNkIlu3pT3fJYd7.jpg,test,6
test/images/20240218_145547_jpg.rf.jh40Lk0QUfqRfFlqzFaQ.jpg,test,6
test/images/20240218_145657_jpg.rf.RdYgGJK7gAVhVesdxjnG.jpg,test,6
test/images/20240218_150654_jpg.rf.7XLG6f1EK42pDNB9yFIq.jpg,test,6
test/images/20240218_152202_jpg.rf.IXZ41Gj04x4qW2qQdCZ7.jpg,test,6
test/images/20240218_152936_jpg.rf.Y0mMuZwvXWWUwAbrUzyL.jpg,test,6
test/images/20240218_153251_jpg.rf.DjtJR9mPQfqXJiYYjwlA.jpg,test,6
test/images/20240218_153300_jpg.rf.V5Gkb12d8vhRvAhwGIyQ.jpg,test,6
test/images/20240218_153331_jpg.rf.SHv9gkvI5YNMAmE7vmjh.jpg,test,6
test/images/20240218_153611_jpg.rf.0gbXVCXLGVBhSmJCNT2A.jpg,test,6
test/images/20240218_155110_jpg.rf.QfrlRCIQf1Zw8nVQb2cE.jpg,test,6
test/images/20240218_155314_jpg.rf.JtApUFsbLLsTUeESN8Z9.jpg,test,6
test/images/20240218_155316_jpg.rf.GaWb1jUw9RN34fTbbSkz.jpg,test,6
test/images/20240218_155852_jpg.rf.8MWrjTkgAE7AC9o7rrFc.jpg,test,6
test/images/20240218_160232_jpg.rf.Mw8c4Mo58YfH1yUHsS3M.jpg,test,6
test/images/20240218_160238_jpg.rf.z95QmfpOoj7bau1Mf9LW.jpg,test,6
test/images/20240218_160309_jpg.rf.JXgBam4lOI6pLS2qDGvl.jpg,test,6
test/images/20240218_161531_jpg.rf.tVsAGD6Ug1aeJhqqfeB5.jpg,test,6
test/images/20240218_161952_jpg.rf.OvPuiwHZ6KkI3XH0fstm.jpg,test,6
test/images/20240220_133116_jpg.rf.sxhXc9pn1bkHCdDRPeDU.jpg,test,6
test/images/20240220_153854_jpg.rf.WNSin8Yw9OA4h7AdVqQ5.jpg,test,6
test/images/20240222_164311_jpg.rf.SH0bqUND7IQLWGSgze1g.jpg,test,6
test/images/20240222_170704_jpg.rf.73Lot0ESMKg7caXrnTGJ.jpg,test,6
test/images/20240222_172018_jpg.rf.YscNlWNSCCnxcHmuavuP.jpg,test,6
test/images/20240222_190506_jpg.rf.fl6vXtkZCXvZfAErKjfi.jpg,test,6
test/images/20240222_190520_jpg.rf.DxLxoD74fytJjEtQSKjZ.jpg,test,6
test/images/20240225_121751_jpg.rf.ZjFFqEAIJjddY4sQz0ny.jpg,test,6
test/images/20240227_115720_jpg.rf.6pac5a49FOwHDligkgUJ.jpg,test,6
test/images/20240227_115743_jpg.rf.RnmLIJH1AZc8995mZgwP.jpg,test,6
test/images/20240228_123229_jpg.rf.40W1MxoVs3tbZB25fcrW.jpg,test,6
test/images/20240228_162528_jpg.rf.FEaylnw7BfC80uG8eCYo.jpg,test,6
test/images/20240228_162536_jpg.rf.QC43wVtBa9FSBS8VD8Zk.jpg,test,6
test/images/20240228_173925_jpg.rf.hZthQtQRIIbNwj71lRUL.jpg,test,6
test/images/20240228_174306_jpg.rf.l8ho7XZwOf1ZxE0WHikj.jpg,test,6
test/images/20240228_174330_jpg.rf.G6YqS1mW7tyt1HQh9LaB.jpg,test,6
test/images/20240301_180035_jpg.rf.l1DewYMipVo9SvFDJaQF.jpg,test,6
test/images/20240306_110232_jpg.rf.bJUwm4t4GU9XkCCgS9Ju.jpg,test,6
test/images/20240307_145431_jpg.rf.rn93DQLLMfsvbbYDM5Dz.jpg,test,6
test/images/20240307_145631_jpg.rf.jf65FM5cJNw05oq1hdtG.jpg,test,6
test/images/20240307_145634_jpg.rf.OJjpZsOlLMXfYXMjKRnJ.jpg,test,6
test/images/20240307_145827_jpg.rf.OLEBGv6OX13l00I02grP.jpg,test,6
test/images/20240307_151847_jpg.rf.PQY2jnxApvOOSpvwCNW3.jpg,test,6
test/images/20240307_152037_jpg.rf.LbfudI0KHL18zMMX5gTZ.jpg,test,6
test/images/20240307_152100_jpg.rf.61FKPYEZgzNheOkyNmHz.jpg,test,6
test/images/20240307_152210_jpg.rf.5wJzahu5QeyhKTQL0nyU.jpg,test,6
test/images/20240307_152833_jpg.rf.8BYDZyLEKFpTwzT8qJHm.jpg,test,6
test/images/20240307_175647_jpg.rf.ra0Ep6ivVhvey4H8k67X.jpg,test,6
test/images/20240307_175735_jpg.rf.GQtgA8jOz9fuaTjfOwiC.jpg,test,6
test/images/20240307_180205_jpg.rf.9jO39YF8f8uRZYq6SPRy.jpg,test,6
test/images/20240307_180216_jpg.rf.QTSOl581KWhcnIlZAKZW.jpg,test,6
test/images/20240307_194221_jpg.rf.4JDIqXOheQJVgXOARvwz.jpg,test,6
test/images/20240307_195007_jpg.rf.KjekHiZfjPQlL8o88Sba.jpg,test,6
test/images/20240308_145632_jpg.rf.6voSjAAkKgq8HCULjSfI.jpg,test,6
test/images/20240310_151018_jpg.rf.GlK7sckdrAA2JBkLV0hl.jpg,test,6
test/images/20240310_154446_jpg.rf.b3lJzdjZ8YHTd2wWDF4C.jpg,test,6
test/images/20240310_154717_jpg.rf.rSRhFJ6DNh5v4jmzx7uW.jpg,test,6
test/images/20240310_154838_jpg.rf.O6gQS409ONiK0go9j0lz.jpg,test,6
test/images/20240310_154931_jpg.rf.QjSaeaiKiw8FRaF03pTi.jpg,test,6
test/images/20240310_155102_jpg.rf.PHk1lP94Q1v1pfGE3F8K.jpg,test,6
test/images/20240311_144644_jpg.rf.Zr7ozr7O6zh5EhzU5IhB.jpg,test,6
test/images/20240320_215345_jpg.rf.ywqyasqdT9dzJqojVx6c.jpg,test,6
test/images/20240503_171655_jpg.rf.fD5UWAemVNgwreqNF79Y.jpg,test,6
test/images/IMG_20240211_144020_jpg.rf.cd65fKhk3L0zVrgFjxHH.jpg,test,0
test/images/IMG_20240211_150132_jpg.rf.LrE1lsUxVwBIE9uufJAl.jpg,test,0
test/images/IMG_20240211_150208_jpg.rf.RZN7CYkBObCA4NYa49lg.jpg,test,0
test/images/IMG_20240211_150245_jpg.rf.Izrejw7W1Tza9TRzYqMa.jpg,test,0
test/images/IMG_20240211_151021_jpg.rf.ooFFOzBi9hUyRxvNlKf2.jpg,test,0
test/images/IMG_20240211_151244_jpg.rf.ZIFj81kKiqkOo69Hh5Qn.jpg,test,0
test/images/IMG_20240211_151303_jpg.rf.08cnmFgCuolf4nLrxNuE.jpg,test,0
test/images/IMG_20240211_151332_jpg.rf.S19t0yVpbv76PoHh70Qr.jpg,test,0
test/images/IMG_20240211_151346_jpg.rf.v0nTaQT7LSNqpVeeurGA.jpg,test,0
test/images/IMG_20240211_151405_jpg.rf.BL2GMQyL0f8V1Vg3S13l.jpg,test,0
test/images/IMG_20240211_151424_jpg.rf.mf6uGCxQAaOltqIrc9Cg.jpg,test,0
test/images/IMG_20240211_151452_jpg.rf.qq6YoeQaVokzhhRLWd8H.jpg,test,0
test/images/IMG_20240211_152345_jpg.rf.R5t8fSrWUTdIYxf16afL.jpg,test,0
test/images/IMG_20240211_152418_jpg.rf.9Jya0iqVoEf8PI0ibXi6.jpg,test,0
test/images/IMG_20240211_152512_jpg.rf.FQWTsR9jIv8eDvluCKBl.jpg,test,0
test/images/IMG_20240211_161942_jpg.rf.s7XpXNtROGuMwy8z539o.jpg,test,0
test/images/IMG_20240211_162442_jpg.rf.7gzKhUgbmhHiUSruKXMn.jpg,test,0
test/images/IMG_20240211_162452_jpg.rf.iAlioKQtxqrfEcRkRiqj.jpg,test,0
test/images/IMG_20240211_162834_jpg.rf.b7em2dpI4HM9DEnUcjal.jpg,test,0
test/images/SmartSelect_20240229_170708_Photos_jpg.rf.9Ym8KdMwzoMGgwQX9LPo.jpg,test,0
test/images/SmartSelect_20240302_173110_Facebook_jpg.rf.7AU2ZSOMSNSbB9M6uLkv.jpg,test,0
test/images/SmartSelect_20240302_173233_Facebook_jpg.rf.eTk9RjVM7QKFBGCIrqeu.jpg,test,0
test/images/SmartSelect_20240302_173407_Facebook_jpg.rf.SOniKjHFmYzVtPLdTf6O.jpg,test,0
test/images/SmartSelect_20240329_164659_Facebook_jpg.rf.xTw6leZpcSXtw49QxvXN.jpg,test,0
